reporting_period,LEI,Undertaking_Name,Reporting_Date,Line_Of_Business,Development_Year,Calendar_Year,Incremental_Claims_Paid,Cumulative_Claims_Paid,Outstanding_Reserve,IBNR,Case_Reserves,Ultimate_Loss,Development_Factor,Incremental_Percentage,Cumulative_Percentage
2025-11-30,549300ABCDEF123456G7,Lloyd's Syndicate 2987,2024-12-31,Medical expense insurance,0,2024,87882342.19,87882342.19,163210064.06,61172174.77,67336866.52,251092406.25,2.8571,35.0,35.0
2025-11-30,549300ABCDEF123456G7,Lloyd's Syndicate 2987,2024-12-31,Medical expense insurance,1,2025,62773101.56,150655443.75,100436962.5,36281515.42,46220479.75,251092406.25,1.6667,25.0,60.0
2025-11-30,549300ABCDEF123456G7,Lloyd's Syndicate 2987,2024-12-31,Medical expense insurance,2,2026,37663860.94,188319304.69,62773101.56,20060534.17,38781361.21,251092406.25,1.3333,15.0,75.0
2025-11-30,549300ABCDEF123456G7,Lloyd's Syndicate 2987,2024-12-31,Medical expense insurance,3,2027,25109240.62,213428545.31,37663860.94,15592555.1,25058363.66,251092406.25,1.1765,10.0,85.0
2025-11-30,549300ABCDEF123456G7,Lloyd's Syndicate 2987,2024-12-31,Medical expense insurance,4,2028,17576468.44,231005013.75,20087392.5,7545855.74,10766232.72,251092406.25,1.087,7.0,92.0
2025-11-30,549300ABCDEF123456G7,Lloyd's Syndicate 2987,2024-12-31,Medical expense insurance,5,2029,3766386.09,234771399.84,16321006.41,8025124.19,10824735.88,251092406.25,1.0695,1.5,93.5
2025-11-30,549300ABCDEF123456G7,Lloyd's Syndicate 2987,2024-12-31,Medical expense insurance,6,2030,3766386.09,238537785.94,12554620.31,5742311.72,6428686.09,251092406.25,1.0526,1.5,95.0
2025-11-30,549300ABCDEF123456G7,Lloyd's Syndicate 2987,2024-12-31,Medical expense insurance,7,2031,3766386.09,242304172.03,8788234.22,4922329.74,4333249.16,251092406.25,1.0363,1.5,96.5
2025-11-30,549300ABCDEF123456G7,Lloyd's Syndicate 2987,2024-12-31,Medical expense insurance,8,2032,3766386.09,246070558.12,5021848.13,1626210.56,2679219.41,251092406.25,1.0204,1.5,98.0
2025-11-30,549300ABCDEF123456G7,Lloyd's Syndicate 2987,2024-12-31,Medical expense insurance,9,2033,3766386.09,249836944.22,1255462.03,672335.06,513778.06,251092406.25,1.005,1.5,99.5
2025-11-30,549300ABCDEF123456G7,Lloyd's Syndicate 2987,2024-12-31,Medical expense insurance,10,2034,1255462.03,251092406.25,0.0,0.0,0.0,251092406.25,1.0,0.5,100.0
2025-11-30,549300ABCDEF123456G7,Lloyd's Syndicate 2987,2024-12-31,Income protection insurance,0,2024,98747404.3,98747404.3,183388036.56,70776677.08,88695804.33,282135440.86,2.8571,35.0,35.0
2025-11-30,549300ABCDEF123456G7,Lloyd's Syndicate 2987,2024-12-31,Income protection insurance,1,2025,70533860.22,169281264.52,112854176.34,48769378.8,57225471.71,282135440.86,1.6667,25.0,60.0
2025-11-30,549300ABCDEF123456G7,Lloyd's Syndicate 2987,2024-12-31,Income protection insurance,2,2026,42320316.13,211601580.65,70533860.22,36741352.91,41793119.48,282135440.86,1.3333,15.0,75.0
2025-11-30,549300ABCDEF123456G7,Lloyd's Syndicate 2987,2024-12-31,Income protection insurance,3,2027,28213544.09,239815124.73,42320316.13,22331428.31,27339454.8,282135440.86,1.1765,10.0,85.0
2025-11-30,549300ABCDEF123456G7,Lloyd's Syndicate 2987,2024-12-31,Income protection insurance,4,2028,19749480.86,259564605.59,22570835.27,13020987.11,11946314.7,282135440.86,1.087,7.0,92.0
2025-11-30,549300ABCDEF123456G7,Lloyd's Syndicate 2987,2024-12-31,Income protection insurance,5,2029,4232031.61,263796637.2,18338803.66,10919092.72,8522009.86,282135440.86,1.0695,1.5,93.5
2025-11-30,549300ABCDEF123456G7,Lloyd's Syndicate 2987,2024-12-31,Income protection insurance,6,2030,4232031.61,268028668.82,14106772.04,7255247.56,7902653.13,282135440.86,1.0526,1.5,95.0
2025-11-30,549300ABCDEF123456G7,Lloyd's Syndicate 2987,2024-12-31,Income protection insurance,7,2031,4232031.61,272260700.43,9874740.43,5382426.53,5362291.71,282135440.86,1.0363,1.5,96.5
2025-11-30,549300ABCDEF123456G7,Lloyd's Syndicate 2987,2024-12-31,Income protection insurance,8,2032,4232031.61,276492732.04,5642708.82,3019873.88,3831684.89,282135440.86,1.0204,1.5,98.0
2025-11-30,549300ABCDEF123456G7,Lloyd's Syndicate 2987,2024-12-31,Income protection insurance,9,2033,4232031.61,280724763.66,1410677.2,733112.41,892716.44,282135440.86,1.005,1.5,99.5
2025-11-30,549300ABCDEF123456G7,Lloyd's Syndicate 2987,2024-12-31,Income protection insurance,10,2034,1410677.2,282135440.86,0.0,0.0,0.0,282135440.86,1.0,0.5,100.0
2025-11-30,549300ABCDEF123456G7,Lloyd's Syndicate 2987,2024-12-31,Workers' compensation insurance,0,2024,102751577.3,102751577.3,190824357.83,96930396.81,108471187.59,293575935.13,2.8571,35.0,35.0
2025-11-30,549300ABCDEF123456G7,Lloyd's Syndicate 2987,2024-12-31,Workers' compensation insurance,1,2025,73393983.78,176145561.08,117430374.05,48157364.05,48535934.73,293575935.13,1.6667,25.0,60.0
2025-11-30,549300ABCDEF123456G7,Lloyd's Syndicate 2987,2024-12-31,Workers' compensation insurance,2,2026,44036390.27,220181951.35,73393983.78,30145901.59,40342754.51,293575935.13,1.3333,15.0,75.0
2025-11-30,549300ABCDEF123456G7,Lloyd's Syndicate 2987,2024-12-31,Workers' compensation insurance,3,2027,29357593.51,249539544.86,44036390.27,16004491.13,19901851.9,293575935.13,1.1765,10.0,85.0
2025-11-30,549300ABCDEF123456G7,Lloyd's Syndicate 2987,2024-12-31,Workers' compensation insurance,4,2028,20550315.46,270089860.32,23486074.81,10628035.19,13522607.14,293575935.13,1.087,7.0,92.0
2025-11-30,549300ABCDEF123456G7,Lloyd's Syndicate 2987,2024-12-31,Workers' compensation insurance,5,2029,4403639.03,274493499.35,19082435.78,7098196.22,10995620.89,293575935.13,1.0695,1.5,93.5
2025-11-30,549300ABCDEF123456G7,Lloyd's Syndicate 2987,2024-12-31,Workers' compensation insurance,6,2030,4403639.03,278897138.37,14678796.76,8368411.23,7955202.93,293575935.13,1.0526,1.5,95.0
2025-11-30,549300ABCDEF123456G7,Lloyd's Syndicate 2987,2024-12-31,Workers' compensation insurance,7,2031,4403639.03,283300777.4,10275157.73,5725493.09,6968421.2,293575935.13,1.0363,1.5,96.5
2025-11-30,549300ABCDEF123456G7,Lloyd's Syndicate 2987,2024-12-31,Workers' compensation insurance,8,2032,4403639.03,287704416.43,5871518.7,1924203.59,2517375.33,293575935.13,1.0204,1.5,98.0
2025-11-30,549300ABCDEF123456G7,Lloyd's Syndicate 2987,2024-12-31,Workers' compensation insurance,9,2033,4403639.03,292108055.45,1467879.68,649996.58,846130.96,293575935.13,1.005,1.5,99.5
2025-11-30,549300ABCDEF123456G7,Lloyd's Syndicate 2987,2024-12-31,Workers' compensation insurance,10,2034,1467879.68,293575935.13,0.0,0.0,0.0,293575935.13,1.0,0.5,100.0
2025-11-30,549300ABCDEF123456G7,Lloyd's Syndicate 2987,2024-12-31,Motor vehicle liability insurance,0,2024,73586985.16,73586985.16,136661543.87,41083801.97,94354134.29,210248529.03,2.8571,35.0,35.0
2025-11-30,549300ABCDEF123456G7,Lloyd's Syndicate 2987,2024-12-31,Motor vehicle liability insurance,1,2025,52562132.26,126149117.42,84099411.61,31085137.91,56778004.69,210248529.03,1.6667,25.0,60.0
2025-11-30,549300ABCDEF123456G7,Lloyd's Syndicate 2987,2024-12-31,Motor vehicle liability insurance,2,2026,31537279.35,157686396.77,52562132.26,17487653.9,24779163.89,210248529.03,1.3333,15.0,75.0
2025-11-30,549300ABCDEF123456G7,Lloyd's Syndicate 2987,2024-12-31,Motor vehicle liability insurance,3,2027,21024852.9,178711249.68,31537279.35,11683367.06,22039697.47,210248529.03,1.1765,10.0,85.0
2025-11-30,549300ABCDEF123456G7,Lloyd's Syndicate 2987,2024-12-31,Motor vehicle liability insurance,4,2028,14717397.03,193428646.71,16819882.32,5069178.89,9955544.75,210248529.03,1.087,7.0,92.0
2025-11-30,549300ABCDEF123456G7,Lloyd's Syndicate 2987,2024-12-31,Motor vehicle liability insurance,5,2029,3153727.94,196582374.64,13666154.39,7665427.64,8222680.42,210248529.03,1.0695,1.5,93.5
2025-11-30,549300ABCDEF123456G7,Lloyd's Syndicate 2987,2024-12-31,Motor vehicle liability insurance,6,2030,3153727.94,199736102.58,10512426.45,4297691.71,7227217.59,210248529.03,1.0526,1.5,95.0
2025-11-30,549300ABCDEF123456G7,Lloyd's Syndicate 2987,2024-12-31,Motor vehicle liability insurance,7,2031,3153727.94,202889830.51,7358698.52,4180154.51,3901482.43,210248529.03,1.0363,1.5,96.5
2025-11-30,549300ABCDEF123456G7,Lloyd's Syndicate 2987,2024-12-31,Motor vehicle liability insurance,8,2032,3153727.94,206043558.45,4204970.58,1984740.01,2902505.15,210248529.03,1.0204,1.5,98.0
2025-11-30,549300ABCDEF123456G7,Lloyd's Syndicate 2987,2024-12-31,Motor vehicle liability insurance,9,2033,3153727.94,209197286.38,1051242.65,625245.6,562359.08,210248529.03,1.005,1.5,99.5
2025-11-30,549300ABCDEF123456G7,Lloyd's Syndicate 2987,2024-12-31,Motor vehicle liability insurance,10,2034,1051242.65,210248529.03,0.0,0.0,0.0,210248529.03,1.0,0.5,100.0
2025-11-30,549300ABCDEF123456G7,Lloyd's Syndicate 2987,2024-12-31,Other motor insurance,0,2024,50033626.38,50033626.38,92919591.85,32470432.18,42999040.83,142953218.23,2.8571,35.0,35.0
2025-11-30,549300ABCDEF123456G7,Lloyd's Syndicate 2987,2024-12-31,Other motor insurance,1,2025,35738304.56,85771930.94,57181287.29,28422644.49,31634660.05,142953218.23,1.6667,25.0,60.0
2025-11-30,549300ABCDEF123456G7,Lloyd's Syndicate 2987,2024-12-31,Other motor insurance,2,2026,21442982.73,107214913.67,35738304.56,13199569.62,18615113.8,142953218.23,1.3333,15.0,75.0
2025-11-30,549300ABCDEF123456G7,Lloyd's Syndicate 2987,2024-12-31,Other motor insurance,3,2027,14295321.82,121510235.5,21442982.73,8833544.77,14928777.44,142953218.23,1.1765,10.0,85.0
2025-11-30,549300ABCDEF123456G7,Lloyd's Syndicate 2987,2024-12-31,Other motor insurance,4,2028,10006725.28,131516960.77,11436257.46,6359356.84,5905567.85,142953218.23,1.087,7.0,92.0
2025-11-30,549300ABCDEF123456G7,Lloyd's Syndicate 2987,2024-12-31,Other motor insurance,5,2029,2144298.27,133661259.05,9291959.18,5335210.42,4671909.9,142953218.23,1.0695,1.5,93.5
2025-11-30,549300ABCDEF123456G7,Lloyd's Syndicate 2987,2024-12-31,Other motor insurance,6,2030,2144298.27,135805557.32,7147660.91,3576478.33,4931850.28,142953218.23,1.0526,1.5,95.0
2025-11-30,549300ABCDEF123456G7,Lloyd's Syndicate 2987,2024-12-31,Other motor insurance,7,2031,2144298.27,137949855.59,5003362.64,2086820.8,3021858.36,142953218.23,1.0363,1.5,96.5
2025-11-30,549300ABCDEF123456G7,Lloyd's Syndicate 2987,2024-12-31,Other motor insurance,8,2032,2144298.27,140094153.87,2859064.36,1111538.88,1372046.96,142953218.23,1.0204,1.5,98.0
2025-11-30,549300ABCDEF123456G7,Lloyd's Syndicate 2987,2024-12-31,Other motor insurance,9,2033,2144298.27,142238452.14,714766.09,337546.14,495889.98,142953218.23,1.005,1.5,99.5
2025-11-30,549300ABCDEF123456G7,Lloyd's Syndicate 2987,2024-12-31,Other motor insurance,10,2034,714766.09,142953218.23,0.0,0.0,0.0,142953218.23,1.0,0.5,100.0
2025-11-30,549300ABCDEF123456G7,Lloyd's Syndicate 2987,2024-12-31,"Marine, aviation and transport insurance",0,2024,97506808.02,97506808.02,181084072.04,68110931.76,94262557.15,278590880.06,2.8571,35.0,35.0
2025-11-30,549300ABCDEF123456G7,Lloyd's Syndicate 2987,2024-12-31,"Marine, aviation and transport insurance",1,2025,69647720.02,167154528.04,111436352.02,54937090.04,61893283.87,278590880.06,1.6667,25.0,60.0
2025-11-30,549300ABCDEF123456G7,Lloyd's Syndicate 2987,2024-12-31,"Marine, aviation and transport insurance",2,2026,41788632.01,208943160.05,69647720.02,22899303.85,48621728.66,278590880.06,1.3333,15.0,75.0
2025-11-30,549300ABCDEF123456G7,Lloyd's Syndicate 2987,2024-12-31,"Marine, aviation and transport insurance",3,2027,27859088.01,236802248.05,41788632.01,21972303.93,22202643.33,278590880.06,1.1765,10.0,85.0
2025-11-30,549300ABCDEF123456G7,Lloyd's Syndicate 2987,2024-12-31,"Marine, aviation and transport insurance",4,2028,19501361.6,256303609.66,22287270.4,10819368.01,9500435.88,278590880.06,1.087,7.0,92.0
2025-11-30,549300ABCDEF123456G7,Lloyd's Syndicate 2987,2024-12-31,"Marine, aviation and transport insurance",5,2029,4178863.2,260482472.86,18108407.2,8123259.37,12300130.61,278590880.06,1.0695,1.5,93.5
2025-11-30,549300ABCDEF123456G7,Lloyd's Syndicate 2987,2024-12-31,"Marine, aviation and transport insurance",6,2030,4178863.2,264661336.06,13929544.0,7925635.95,6981686.0,278590880.06,1.0526,1.5,95.0
2025-11-30,549300ABCDEF123456G7,Lloyd's Syndicate 2987,2024-12-31,"Marine, aviation and transport insurance",7,2031,4178863.2,268840199.26,9750680.8,4479563.77,5940261.56,278590880.06,1.0363,1.5,96.5
2025-11-30,549300ABCDEF123456G7,Lloyd's Syndicate 2987,2024-12-31,"Marine, aviation and transport insurance",8,2032,4178863.2,273019062.46,5571817.6,2239886.17,2337175.59,278590880.06,1.0204,1.5,98.0
2025-11-30,549300ABCDEF123456G7,Lloyd's Syndicate 2987,2024-12-31,"Marine, aviation and transport insurance",9,2033,4178863.2,277197925.66,1392954.4,629103.47,808597.1,278590880.06,1.005,1.5,99.5
2025-11-30,549300ABCDEF123456G7,Lloyd's Syndicate 2987,2024-12-31,"Marine, aviation and transport insurance",10,2034,1392954.4,278590880.06,0.0,0.0,0.0,278590880.06,1.0,0.5,100.0
2025-11-30,549300ABCDEF123456G7,Lloyd's Syndicate 2987,2024-12-31,Fire and other damage to property insurance,0,2024,35637931.31,35637931.31,66184729.59,26766142.82,37216690.5,101822660.9,2.8571,35.0,35.0
2025-11-30,549300ABCDEF123456G7,Lloyd's Syndicate 2987,2024-12-31,Fire and other damage to property insurance,1,2025,25455665.23,61093596.54,40729064.36,15809103.45,19666238.25,101822660.9,1.6667,25.0,60.0
2025-11-30,549300ABCDEF123456G7,Lloyd's Syndicate 2987,2024-12-31,Fire and other damage to property insurance,2,2026,15273399.14,76366995.68,25455665.23,14275659.33,11289974.26,101822660.9,1.3333,15.0,75.0
2025-11-30,549300ABCDEF123456G7,Lloyd's Syndicate 2987,2024-12-31,Fire and other damage to property insurance,3,2027,10182266.09,86549261.77,15273399.14,6852227.85,10475221.32,101822660.9,1.1765,10.0,85.0
2025-11-30,549300ABCDEF123456G7,Lloyd's Syndicate 2987,2024-12-31,Fire and other damage to property insurance,4,2028,7127586.26,93676848.03,8145812.87,3971116.15,5010991.64,101822660.9,1.087,7.0,92.0
2025-11-30,549300ABCDEF123456G7,Lloyd's Syndicate 2987,2024-12-31,Fire and other damage to property insurance,5,2029,1527339.91,95204187.94,6618472.96,2841781.0,2686965.34,101822660.9,1.0695,1.5,93.5
2025-11-30,549300ABCDEF123456G7,Lloyd's Syndicate 2987,2024-12-31,Fire and other damage to property insurance,6,2030,1527339.91,96731527.86,5091133.04,2514200.61,3001616.4,101822660.9,1.0526,1.5,95.0
2025-11-30,549300ABCDEF123456G7,Lloyd's Syndicate 2987,2024-12-31,Fire and other damage to property insurance,7,2031,1527339.91,98258867.77,3563793.13,1187200.32,1919629.74,101822660.9,1.0363,1.5,96.5
2025-11-30,549300ABCDEF123456G7,Lloyd's Syndicate 2987,2024-12-31,Fire and other damage to property insurance,8,2032,1527339.91,99786207.68,2036453.22,1170143.34,939874.99,101822660.9,1.0204,1.5,98.0
2025-11-30,549300ABCDEF123456G7,Lloyd's Syndicate 2987,2024-12-31,Fire and other damage to property insurance,9,2033,1527339.91,101313547.6,509113.3,223159.44,274071.45,101822660.9,1.005,1.5,99.5
2025-11-30,549300ABCDEF123456G7,Lloyd's Syndicate 2987,2024-12-31,Fire and other damage to property insurance,10,2034,509113.3,101822660.9,0.0,0.0,0.0,101822660.9,1.0,0.5,100.0
2025-11-30,549300ABCDEF123456G7,Lloyd's Syndicate 2987,2024-12-31,General liability insurance,0,2024,83936074.22,83936074.22,155881280.7,63854622.92,65721274.72,239817354.92,2.8571,35.0,35.0
2025-11-30,549300ABCDEF123456G7,Lloyd's Syndicate 2987,2024-12-31,General liability insurance,1,2025,59954338.73,143890412.95,95926941.97,38835532.57,57933864.12,239817354.92,1.6667,25.0,60.0
2025-11-30,549300ABCDEF123456G7,Lloyd's Syndicate 2987,2024-12-31,General liability insurance,2,2026,35972603.24,179863016.19,59954338.73,30626113.47,41338520.32,239817354.92,1.3333,15.0,75.0
2025-11-30,549300ABCDEF123456G7,Lloyd's Syndicate 2987,2024-12-31,General liability insurance,3,2027,23981735.49,203844751.68,35972603.24,15687377.78,21214147.58,239817354.92,1.1765,10.0,85.0
2025-11-30,549300ABCDEF123456G7,Lloyd's Syndicate 2987,2024-12-31,General liability insurance,4,2028,16787214.84,220631966.53,19185388.39,8858992.4,8541058.03,239817354.92,1.087,7.0,92.0
2025-11-30,549300ABCDEF123456G7,Lloyd's Syndicate 2987,2024-12-31,General liability insurance,5,2029,3597260.32,224229226.85,15588128.07,6833223.38,8783139.28,239817354.92,1.0695,1.5,93.5
2025-11-30,549300ABCDEF123456G7,Lloyd's Syndicate 2987,2024-12-31,General liability insurance,6,2030,3597260.32,227826487.17,11990867.75,7017354.16,6114883.5,239817354.92,1.0526,1.5,95.0
2025-11-30,549300ABCDEF123456G7,Lloyd's Syndicate 2987,2024-12-31,General liability insurance,7,2031,3597260.32,231423747.5,8393607.42,4986052.36,4722999.15,239817354.92,1.0363,1.5,96.5
2025-11-30,549300ABCDEF123456G7,Lloyd's Syndicate 2987,2024-12-31,General liability insurance,8,2032,3597260.32,235021007.82,4796347.1,1787794.12,2194325.52,239817354.92,1.0204,1.5,98.0
2025-11-30,549300ABCDEF123456G7,Lloyd's Syndicate 2987,2024-12-31,General liability insurance,9,2033,3597260.32,238618268.15,1199086.77,410697.38,642566.45,239817354.92,1.005,1.5,99.5
2025-11-30,549300ABCDEF123456G7,Lloyd's Syndicate 2987,2024-12-31,General liability insurance,10,2034,1199086.77,239817354.92,0.0,0.0,0.0,239817354.92,1.0,0.5,100.0
2025-11-30,549300HIJKLM789012N3,Lloyd's Syndicate 33,2024-12-31,Medical expense insurance,0,2024,103985410.56,103985410.56,193115762.48,96757184.18,121264307.82,297101173.04,2.8571,35.0,35.0
2025-11-30,549300HIJKLM789012N3,Lloyd's Syndicate 33,2024-12-31,Medical expense insurance,1,2025,74275293.26,178260703.82,118840469.22,39894937.71,64403246.2,297101173.04,1.6667,25.0,60.0
2025-11-30,549300HIJKLM789012N3,Lloyd's Syndicate 33,2024-12-31,Medical expense insurance,2,2026,44565175.96,222825879.78,74275293.26,28660379.41,49632924.13,297101173.04,1.3333,15.0,75.0
2025-11-30,549300HIJKLM789012N3,Lloyd's Syndicate 33,2024-12-31,Medical expense insurance,3,2027,29710117.3,252535997.08,44565175.96,15793352.06,23959129.81,297101173.04,1.1765,10.0,85.0
2025-11-30,549300HIJKLM789012N3,Lloyd's Syndicate 33,2024-12-31,Medical expense insurance,4,2028,20797082.11,273333079.2,23768093.84,11323460.16,13172570.61,297101173.04,1.087,7.0,92.0
2025-11-30,549300HIJKLM789012N3,Lloyd's Syndicate 33,2024-12-31,Medical expense insurance,5,2029,4456517.6,277789596.79,19311576.25,10603466.23,9065548.17,297101173.04,1.0695,1.5,93.5
2025-11-30,549300HIJKLM789012N3,Lloyd's Syndicate 33,2024-12-31,Medical expense insurance,6,2030,4456517.6,282246114.39,14855058.65,6138367.72,9471961.07,297101173.04,1.0526,1.5,95.0
2025-11-30,549300HIJKLM789012N3,Lloyd's Syndicate 33,2024-12-31,Medical expense insurance,7,2031,4456517.6,286702631.98,10398541.06,4766913.99,5413846.67,297101173.04,1.0363,1.5,96.5
2025-11-30,549300HIJKLM789012N3,Lloyd's Syndicate 33,2024-12-31,Medical expense insurance,8,2032,4456517.6,291159149.58,5942023.46,1835091.47,3719799.54,297101173.04,1.0204,1.5,98.0
2025-11-30,549300HIJKLM789012N3,Lloyd's Syndicate 33,2024-12-31,Medical expense insurance,9,2033,4456517.6,295615667.17,1485505.87,878906.41,870634.34,297101173.04,1.005,1.5,99.5
2025-11-30,549300HIJKLM789012N3,Lloyd's Syndicate 33,2024-12-31,Medical expense insurance,10,2034,1485505.87,297101173.04,0.0,0.0,0.0,297101173.04,1.0,0.5,100.0
2025-11-30,549300HIJKLM789012N3,Lloyd's Syndicate 33,2024-12-31,Income protection insurance,0,2024,37772084.48,37772084.48,70148156.88,21348373.16,41809668.01,107920241.36,2.8571,35.0,35.0
2025-11-30,549300HIJKLM789012N3,Lloyd's Syndicate 33,2024-12-31,Income protection insurance,1,2025,26980060.34,64752144.82,43168096.54,19336400.07,27395745.11,107920241.36,1.6667,25.0,60.0
2025-11-30,549300HIJKLM789012N3,Lloyd's Syndicate 33,2024-12-31,Income protection insurance,2,2026,16188036.2,80940181.02,26980060.34,13716790.16,18788528.49,107920241.36,1.3333,15.0,75.0
2025-11-30,549300HIJKLM789012N3,Lloyd's Syndicate 33,2024-12-31,Income protection insurance,3,2027,10792024.14,91732205.16,16188036.2,7334698.43,8549750.77,107920241.36,1.1765,10.0,85.0
2025-11-30,549300HIJKLM789012N3,Lloyd's Syndicate 33,2024-12-31,Income protection insurance,4,2028,7554416.9,99286622.05,8633619.31,3332766.19,4688559.38,107920241.36,1.087,7.0,92.0
2025-11-30,549300HIJKLM789012N3,Lloyd's Syndicate 33,2024-12-31,Income protection insurance,5,2029,1618803.62,100905425.67,7014815.69,3941354.47,2895238.33,107920241.36,1.0695,1.5,93.5
2025-11-30,549300HIJKLM789012N3,Lloyd's Syndicate 33,2024-12-31,Income protection insurance,6,2030,1618803.62,102524229.29,5396012.07,3201831.76,3766374.11,107920241.36,1.0526,1.5,95.0
2025-11-30,549300HIJKLM789012N3,Lloyd's Syndicate 33,2024-12-31,Income protection insurance,7,2031,1618803.62,104143032.91,3777208.45,1810591.32,1886576.85,107920241.36,1.0363,1.5,96.5
2025-11-30,549300HIJKLM789012N3,Lloyd's Syndicate 33,2024-12-31,Income protection insurance,8,2032,1618803.62,105761836.53,2158404.83,791950.44,1042395.39,107920241.36,1.0204,1.5,98.0
2025-11-30,549300HIJKLM789012N3,Lloyd's Syndicate 33,2024-12-31,Income protection insurance,9,2033,1618803.62,107380640.15,539601.21,169991.45,292751.62,107920241.36,1.005,1.5,99.5
2025-11-30,549300HIJKLM789012N3,Lloyd's Syndicate 33,2024-12-31,Income protection insurance,10,2034,539601.21,107920241.36,0.0,0.0,0.0,107920241.36,1.0,0.5,100.0
2025-11-30,549300HIJKLM789012N3,Lloyd's Syndicate 33,2024-12-31,Workers' compensation insurance,0,2024,50043827.36,50043827.36,92938536.52,33440160.88,52366782.29,142982363.88,2.8571,35.0,35.0
2025-11-30,549300HIJKLM789012N3,Lloyd's Syndicate 33,2024-12-31,Workers' compensation insurance,1,2025,35745590.97,85789418.33,57192945.55,33865532.58,34804155.89,142982363.88,1.6667,25.0,60.0
2025-11-30,549300HIJKLM789012N3,Lloyd's Syndicate 33,2024-12-31,Workers' compensation insurance,2,2026,21447354.58,107236772.91,35745590.97,15997011.82,22629614.62,142982363.88,1.3333,15.0,75.0
2025-11-30,549300HIJKLM789012N3,Lloyd's Syndicate 33,2024-12-31,Workers' compensation insurance,3,2027,14298236.39,121535009.3,21447354.58,11179282.19,14316551.82,142982363.88,1.1765,10.0,85.0
2025-11-30,549300HIJKLM789012N3,Lloyd's Syndicate 33,2024-12-31,Workers' compensation insurance,4,2028,10008765.47,131543774.77,11438589.11,4133913.93,7522739.95,142982363.88,1.087,7.0,92.0
2025-11-30,549300HIJKLM789012N3,Lloyd's Syndicate 33,2024-12-31,Workers' compensation insurance,5,2029,2144735.46,133688510.23,9293853.65,3627463.82,6341193.36,142982363.88,1.0695,1.5,93.5
2025-11-30,549300HIJKLM789012N3,Lloyd's Syndicate 33,2024-12-31,Workers' compensation insurance,6,2030,2144735.46,135833245.69,7149118.19,2747545.85,4847492.21,142982363.88,1.0526,1.5,95.0
2025-11-30,549300HIJKLM789012N3,Lloyd's Syndicate 33,2024-12-31,Workers' compensation insurance,7,2031,2144735.46,137977981.14,5004382.74,2948268.1,2220181.43,142982363.88,1.0363,1.5,96.5
2025-11-30,549300HIJKLM789012N3,Lloyd's Syndicate 33,2024-12-31,Workers' compensation insurance,8,2032,2144735.46,140122716.6,2859647.28,1693911.96,1217400.15,142982363.88,1.0204,1.5,98.0
2025-11-30,549300HIJKLM789012N3,Lloyd's Syndicate 33,2024-12-31,Workers' compensation insurance,9,2033,2144735.46,142267452.06,714911.82,261350.55,381227.18,142982363.88,1.005,1.5,99.5
2025-11-30,549300HIJKLM789012N3,Lloyd's Syndicate 33,2024-12-31,Workers' compensation insurance,10,2034,714911.82,142982363.88,0.0,0.0,0.0,142982363.88,1.0,0.5,100.0
2025-11-30,549300HIJKLM789012N3,Lloyd's Syndicate 33,2024-12-31,Motor vehicle liability insurance,0,2024,65660826.28,65660826.28,121941534.51,61986233.54,84199174.51,187602360.79,2.8571,35.0,35.0
2025-11-30,549300HIJKLM789012N3,Lloyd's Syndicate 33,2024-12-31,Motor vehicle liability insurance,1,2025,46900590.2,112561416.47,75040944.32,40147311.93,35062596.18,187602360.79,1.6667,25.0,60.0
2025-11-30,549300HIJKLM789012N3,Lloyd's Syndicate 33,2024-12-31,Motor vehicle liability insurance,2,2026,28140354.12,140701770.59,46900590.2,18333313.1,20133882.7,187602360.79,1.3333,15.0,75.0
2025-11-30,549300HIJKLM789012N3,Lloyd's Syndicate 33,2024-12-31,Motor vehicle liability insurance,3,2027,18760236.08,159462006.67,28140354.12,13882641.56,12781970.52,187602360.79,1.1765,10.0,85.0
2025-11-30,549300HIJKLM789012N3,Lloyd's Syndicate 33,2024-12-31,Motor vehicle liability insurance,4,2028,13132165.26,172594171.93,15008188.86,5661411.01,10001968.79,187602360.79,1.087,7.0,92.0
2025-11-30,549300HIJKLM789012N3,Lloyd's Syndicate 33,2024-12-31,Motor vehicle liability insurance,5,2029,2814035.41,175408207.34,12194153.45,4853598.69,6950594.49,187602360.79,1.0695,1.5,93.5
2025-11-30,549300HIJKLM789012N3,Lloyd's Syndicate 33,2024-12-31,Motor vehicle liability insurance,6,2030,2814035.41,178222242.75,9380118.04,3932800.24,3960373.88,187602360.79,1.0526,1.5,95.0
2025-11-30,549300HIJKLM789012N3,Lloyd's Syndicate 33,2024-12-31,Motor vehicle liability insurance,7,2031,2814035.41,181036278.16,6566082.63,2684602.96,3430255.91,187602360.79,1.0363,1.5,96.5
2025-11-30,549300HIJKLM789012N3,Lloyd's Syndicate 33,2024-12-31,Motor vehicle liability insurance,8,2032,2814035.41,183850313.57,3752047.22,2133828.01,1866025.14,187602360.79,1.0204,1.5,98.0
2025-11-30,549300HIJKLM789012N3,Lloyd's Syndicate 33,2024-12-31,Motor vehicle liability insurance,9,2033,2814035.41,186664348.99,938011.8,388123.34,595514.64,187602360.79,1.005,1.5,99.5
2025-11-30,549300HIJKLM789012N3,Lloyd's Syndicate 33,2024-12-31,Motor vehicle liability insurance,10,2034,938011.8,187602360.79,0.0,0.0,0.0,187602360.79,1.0,0.5,100.0
2025-11-30,549300HIJKLM789012N3,Lloyd's Syndicate 33,2024-12-31,Other motor insurance,0,2024,100954939.76,100954939.76,187487745.26,100993508.06,97921561.0,288442685.02,2.8571,35.0,35.0
2025-11-30,549300HIJKLM789012N3,Lloyd's Syndicate 33,2024-12-31,Other motor insurance,1,2025,72110671.25,173065611.01,115377074.01,63048096.89,63757646.8,288442685.02,1.6667,25.0,60.0
2025-11-30,549300HIJKLM789012N3,Lloyd's Syndicate 33,2024-12-31,Other motor insurance,2,2026,43266402.75,216332013.76,72110671.25,27641044.97,35397334.44,288442685.02,1.3333,15.0,75.0
2025-11-30,549300HIJKLM789012N3,Lloyd's Syndicate 33,2024-12-31,Other motor insurance,3,2027,28844268.5,245176282.27,43266402.75,15885377.31,19188558.21,288442685.02,1.1765,10.0,85.0
2025-11-30,549300HIJKLM789012N3,Lloyd's Syndicate 33,2024-12-31,Other motor insurance,4,2028,20190987.95,265367270.22,23075414.8,8199782.27,9667523.83,288442685.02,1.087,7.0,92.0
2025-11-30,549300HIJKLM789012N3,Lloyd's Syndicate 33,2024-12-31,Other motor insurance,5,2029,4326640.28,269693910.49,18748774.53,10621841.84,12736086.46,288442685.02,1.0695,1.5,93.5
2025-11-30,549300HIJKLM789012N3,Lloyd's Syndicate 33,2024-12-31,Other motor insurance,6,2030,4326640.28,274020550.77,14422134.25,6865384.69,9405349.67,288442685.02,1.0526,1.5,95.0
2025-11-30,549300HIJKLM789012N3,Lloyd's Syndicate 33,2024-12-31,Other motor insurance,7,2031,4326640.28,278347191.04,10095493.98,3584620.48,6769050.39,288442685.02,1.0363,1.5,96.5
2025-11-30,549300HIJKLM789012N3,Lloyd's Syndicate 33,2024-12-31,Other motor insurance,8,2032,4326640.28,282673831.32,5768853.7,2606993.84,2423780.98,288442685.02,1.0204,1.5,98.0
2025-11-30,549300HIJKLM789012N3,Lloyd's Syndicate 33,2024-12-31,Other motor insurance,9,2033,4326640.28,287000471.59,1442213.43,493804.97,710568.37,288442685.02,1.005,1.5,99.5
2025-11-30,549300HIJKLM789012N3,Lloyd's Syndicate 33,2024-12-31,Other motor insurance,10,2034,1442213.43,288442685.02,0.0,0.0,0.0,288442685.02,1.0,0.5,100.0
2025-11-30,549300HIJKLM789012N3,Lloyd's Syndicate 33,2024-12-31,"Marine, aviation and transport insurance",0,2024,22743912.9,22743912.9,42238695.38,15662458.05,20261941.32,64982608.28,2.8571,35.0,35.0
2025-11-30,549300HIJKLM789012N3,Lloyd's Syndicate 33,2024-12-31,"Marine, aviation and transport insurance",1,2025,16245652.07,38989564.97,25993043.31,15551915.75,12233989.79,64982608.28,1.6667,25.0,60.0
2025-11-30,549300HIJKLM789012N3,Lloyd's Syndicate 33,2024-12-31,"Marine, aviation and transport insurance",2,2026,9747391.24,48736956.21,16245652.07,6039417.57,9845461.22,64982608.28,1.3333,15.0,75.0
2025-11-30,549300HIJKLM789012N3,Lloyd's Syndicate 33,2024-12-31,"Marine, aviation and transport insurance",3,2027,6498260.83,55235217.04,9747391.24,5437165.44,5030790.66,64982608.28,1.1765,10.0,85.0
2025-11-30,549300HIJKLM789012N3,Lloyd's Syndicate 33,2024-12-31,"Marine, aviation and transport insurance",4,2028,4548782.58,59783999.62,5198608.66,2925181.23,2609923.04,64982608.28,1.087,7.0,92.0
2025-11-30,549300HIJKLM789012N3,Lloyd's Syndicate 33,2024-12-31,"Marine, aviation and transport insurance",5,2029,974739.12,60758738.74,4223869.54,1516811.67,2107253.23,64982608.28,1.0695,1.5,93.5
2025-11-30,549300HIJKLM789012N3,Lloyd's Syndicate 33,2024-12-31,"Marine, aviation and transport insurance",6,2030,974739.12,61733477.87,3249130.41,1568702.62,1657520.97,64982608.28,1.0526,1.5,95.0
2025-11-30,549300HIJKLM789012N3,Lloyd's Syndicate 33,2024-12-31,"Marine, aviation and transport insurance",7,2031,974739.12,62708216.99,2274391.29,1141444.53,1071421.99,64982608.28,1.0363,1.5,96.5
2025-11-30,549300HIJKLM789012N3,Lloyd's Syndicate 33,2024-12-31,"Marine, aviation and transport insurance",8,2032,974739.12,63682956.11,1299652.17,663209.73,655325.57,64982608.28,1.0204,1.5,98.0
2025-11-30,549300HIJKLM789012N3,Lloyd's Syndicate 33,2024-12-31,"Marine, aviation and transport insurance",9,2033,974739.12,64657695.24,324913.04,141909.19,184330.82,64982608.28,1.005,1.5,99.5
2025-11-30,549300HIJKLM789012N3,Lloyd's Syndicate 33,2024-12-31,"Marine, aviation and transport insurance",10,2034,324913.04,64982608.28,0.0,0.0,0.0,64982608.28,1.0,0.5,100.0
2025-11-30,549300HIJKLM789012N3,Lloyd's Syndicate 33,2024-12-31,Fire and other damage to property insurance,0,2024,90645234.52,90645234.52,168341149.83,86957096.49,79158953.79,258986384.35,2.8571,35.0,35.0
2025-11-30,549300HIJKLM789012N3,Lloyd's Syndicate 33,2024-12-31,Fire and other damage to property insurance,1,2025,64746596.09,155391830.61,103594553.74,61378982.54,62098625.78,258986384.35,1.6667,25.0,60.0
2025-11-30,549300HIJKLM789012N3,Lloyd's Syndicate 33,2024-12-31,Fire and other damage to property insurance,2,2026,38847957.65,194239788.26,64746596.09,28211909.09,28958445.87,258986384.35,1.3333,15.0,75.0
2025-11-30,549300HIJKLM789012N3,Lloyd's Syndicate 33,2024-12-31,Fire and other damage to property insurance,3,2027,25898638.43,220138426.7,38847957.65,17868751.37,17459545.06,258986384.35,1.1765,10.0,85.0
2025-11-30,549300HIJKLM789012N3,Lloyd's Syndicate 33,2024-12-31,Fire and other damage to property insurance,4,2028,18129046.9,238267473.6,20718910.75,8885253.15,10827987.78,258986384.35,1.087,7.0,92.0
2025-11-30,549300HIJKLM789012N3,Lloyd's Syndicate 33,2024-12-31,Fire and other damage to property insurance,5,2029,3884795.77,242152269.37,16834114.98,8686098.52,7705226.17,258986384.35,1.0695,1.5,93.5
2025-11-30,549300HIJKLM789012N3,Lloyd's Syndicate 33,2024-12-31,Fire and other damage to property insurance,6,2030,3884795.77,246037065.13,12949319.22,7077598.12,6446685.17,258986384.35,1.0526,1.5,95.0
2025-11-30,549300HIJKLM789012N3,Lloyd's Syndicate 33,2024-12-31,Fire and other damage to property insurance,7,2031,3884795.77,249921860.9,9064523.45,3926720.63,5726080.25,258986384.35,1.0363,1.5,96.5
2025-11-30,549300HIJKLM789012N3,Lloyd's Syndicate 33,2024-12-31,Fire and other damage to property insurance,8,2032,3884795.77,253806656.66,5179727.69,2525727.0,2550537.31,258986384.35,1.0204,1.5,98.0
2025-11-30,549300HIJKLM789012N3,Lloyd's Syndicate 33,2024-12-31,Fire and other damage to property insurance,9,2033,3884795.77,257691452.43,1294931.92,538511.53,636764.7,258986384.35,1.005,1.5,99.5
2025-11-30,549300HIJKLM789012N3,Lloyd's Syndicate 33,2024-12-31,Fire and other damage to property insurance,10,2034,1294931.92,258986384.35,0.0,0.0,0.0,258986384.35,1.0,0.5,100.0
2025-11-30,549300HIJKLM789012N3,Lloyd's Syndicate 33,2024-12-31,General liability insurance,0,2024,80998548.29,80998548.29,150425875.41,71292259.89,66745763.55,231424423.7,2.8571,35.0,35.0
2025-11-30,549300HIJKLM789012N3,Lloyd's Syndicate 33,2024-12-31,General liability insurance,1,2025,57856105.92,138854654.22,92569769.48,36387379.2,43177709.39,231424423.7,1.6667,25.0,60.0
2025-11-30,549300HIJKLM789012N3,Lloyd's Syndicate 33,2024-12-31,General liability insurance,2,2026,34713663.55,173568317.77,57856105.92,24131432.55,32098291.35,231424423.7,1.3333,15.0,75.0
2025-11-30,549300HIJKLM789012N3,Lloyd's Syndicate 33,2024-12-31,General liability insurance,3,2027,23142442.37,196710760.14,34713663.55,15691577.67,21743149.74,231424423.7,1.1765,10.0,85.0
2025-11-30,549300HIJKLM789012N3,Lloyd's Syndicate 33,2024-12-31,General liability insurance,4,2028,16199709.66,212910469.8,18513953.9,6604881.92,12662467.86,231424423.7,1.087,7.0,92.0
2025-11-30,549300HIJKLM789012N3,Lloyd's Syndicate 33,2024-12-31,General liability insurance,5,2029,3471366.36,216381836.16,15042587.54,6059959.52,7371990.89,231424423.7,1.0695,1.5,93.5
2025-11-30,549300HIJKLM789012N3,Lloyd's Syndicate 33,2024-12-31,General liability insurance,6,2030,3471366.36,219853202.52,11571221.18,5849872.22,7424731.8,231424423.7,1.0526,1.5,95.0
2025-11-30,549300HIJKLM789012N3,Lloyd's Syndicate 33,2024-12-31,General liability insurance,7,2031,3471366.36,223324568.87,8099854.83,3349626.35,5054747.55,231424423.7,1.0363,1.5,96.5
2025-11-30,549300HIJKLM789012N3,Lloyd's Syndicate 33,2024-12-31,General liability insurance,8,2032,3471366.36,226795935.23,4628488.47,2615655.05,2916137.97,231424423.7,1.0204,1.5,98.0
2025-11-30,549300HIJKLM789012N3,Lloyd's Syndicate 33,2024-12-31,General liability insurance,9,2033,3471366.36,230267301.58,1157122.12,359007.49,750058.91,231424423.7,1.005,1.5,99.5
2025-11-30,549300HIJKLM789012N3,Lloyd's Syndicate 33,2024-12-31,General liability insurance,10,2034,1157122.12,231424423.7,0.0,0.0,0.0,231424423.7,1.0,0.5,100.0
2025-11-30,549300OPQRS456789T0,Lloyd's Syndicate 1183,2024-12-31,Medical expense insurance,0,2024,84001961.67,84001961.67,156003643.1,92639271.9,82578011.57,240005604.77,2.8571,35.0,35.0
2025-11-30,549300OPQRS456789T0,Lloyd's Syndicate 1183,2024-12-31,Medical expense insurance,1,2025,60001401.19,144003362.86,96002241.91,30736746.95,51674837.87,240005604.77,1.6667,25.0,60.0
2025-11-30,549300OPQRS456789T0,Lloyd's Syndicate 1183,2024-12-31,Medical expense insurance,2,2026,36000840.72,180004203.58,60001401.19,18836245.67,29297191.51,240005604.77,1.3333,15.0,75.0
2025-11-30,549300OPQRS456789T0,Lloyd's Syndicate 1183,2024-12-31,Medical expense insurance,3,2027,24000560.48,204004764.05,36000840.72,17138701.99,17744341.62,240005604.77,1.1765,10.0,85.0
2025-11-30,549300OPQRS456789T0,Lloyd's Syndicate 1183,2024-12-31,Medical expense insurance,4,2028,16800392.33,220805156.39,19200448.38,9708103.33,12414931.17,240005604.77,1.087,7.0,92.0
2025-11-30,549300OPQRS456789T0,Lloyd's Syndicate 1183,2024-12-31,Medical expense insurance,5,2029,3600084.07,224405240.46,15600364.31,6647810.6,10452889.71,240005604.77,1.0695,1.5,93.5
2025-11-30,549300OPQRS456789T0,Lloyd's Syndicate 1183,2024-12-31,Medical expense insurance,6,2030,3600084.07,228005324.53,12000280.24,3887510.94,7824590.12,240005604.77,1.0526,1.5,95.0
2025-11-30,549300OPQRS456789T0,Lloyd's Syndicate 1183,2024-12-31,Medical expense insurance,7,2031,3600084.07,231605408.6,8400196.17,4608111.94,4171522.03,240005604.77,1.0363,1.5,96.5
2025-11-30,549300OPQRS456789T0,Lloyd's Syndicate 1183,2024-12-31,Medical expense insurance,8,2032,3600084.07,235205492.67,4800112.1,1870193.54,2359391.87,240005604.77,1.0204,1.5,98.0
2025-11-30,549300OPQRS456789T0,Lloyd's Syndicate 1183,2024-12-31,Medical expense insurance,9,2033,3600084.07,238805576.75,1200028.02,652116.97,779413.46,240005604.77,1.005,1.5,99.5
2025-11-30,549300OPQRS456789T0,Lloyd's Syndicate 1183,2024-12-31,Medical expense insurance,10,2034,1200028.02,240005604.77,0.0,0.0,0.0,240005604.77,1.0,0.5,100.0
2025-11-30,549300OPQRS456789T0,Lloyd's Syndicate 1183,2024-12-31,Income protection insurance,0,2024,29656657.58,29656657.58,55076649.78,24268623.65,38533709.13,84733307.36,2.8571,35.0,35.0
2025-11-30,549300OPQRS456789T0,Lloyd's Syndicate 1183,2024-12-31,Income protection insurance,1,2025,21183326.84,50839984.42,33893322.94,11783072.84,23192143.15,84733307.36,1.6667,25.0,60.0
2025-11-30,549300OPQRS456789T0,Lloyd's Syndicate 1183,2024-12-31,Income protection insurance,2,2026,12709996.1,63549980.52,21183326.84,11593135.2,14651752.95,84733307.36,1.3333,15.0,75.0
2025-11-30,549300OPQRS456789T0,Lloyd's Syndicate 1183,2024-12-31,Income protection insurance,3,2027,8473330.74,72023311.26,12709996.1,4497732.44,5898144.2,84733307.36,1.1765,10.0,85.0
2025-11-30,549300OPQRS456789T0,Lloyd's Syndicate 1183,2024-12-31,Income protection insurance,4,2028,5931331.52,77954642.77,6778664.59,2067900.47,4185218.99,84733307.36,1.087,7.0,92.0
2025-11-30,549300OPQRS456789T0,Lloyd's Syndicate 1183,2024-12-31,Income protection insurance,5,2029,1270999.61,79225642.38,5507664.98,2716536.83,2497283.42,84733307.36,1.0695,1.5,93.5
2025-11-30,549300OPQRS456789T0,Lloyd's Syndicate 1183,2024-12-31,Income protection insurance,6,2030,1270999.61,80496641.99,4236665.37,2276544.55,2074943.52,84733307.36,1.0526,1.5,95.0
2025-11-30,549300OPQRS456789T0,Lloyd's Syndicate 1183,2024-12-31,Income protection insurance,7,2031,1270999.61,81767641.6,2965665.76,1009805.25,1562220.19,84733307.36,1.0363,1.5,96.5
2025-11-30,549300OPQRS456789T0,Lloyd's Syndicate 1183,2024-12-31,Income protection insurance,8,2032,1270999.61,83038641.21,1694666.15,554648.9,811699.49,84733307.36,1.0204,1.5,98.0
2025-11-30,549300OPQRS456789T0,Lloyd's Syndicate 1183,2024-12-31,Income protection insurance,9,2033,1270999.61,84309640.82,423666.54,174296.42,277738.52,84733307.36,1.005,1.5,99.5
2025-11-30,549300OPQRS456789T0,Lloyd's Syndicate 1183,2024-12-31,Income protection insurance,10,2034,423666.54,84733307.36,0.0,0.0,0.0,84733307.36,1.0,0.5,100.0
2025-11-30,549300OPQRS456789T0,Lloyd's Syndicate 1183,2024-12-31,Workers' compensation insurance,0,2024,80900317.55,80900317.55,150243446.89,70703798.49,75460155.3,231143764.44,2.8571,35.0,35.0
2025-11-30,549300OPQRS456789T0,Lloyd's Syndicate 1183,2024-12-31,Workers' compensation insurance,1,2025,57785941.11,138686258.66,92457505.78,47871011.12,55941390.42,231143764.44,1.6667,25.0,60.0
2025-11-30,549300OPQRS456789T0,Lloyd's Syndicate 1183,2024-12-31,Workers' compensation insurance,2,2026,34671564.67,173357823.33,57785941.11,28068268.83,33827118.85,231143764.44,1.3333,15.0,75.0
2025-11-30,549300OPQRS456789T0,Lloyd's Syndicate 1183,2024-12-31,Workers' compensation insurance,3,2027,23114376.44,196472199.77,34671564.67,17505485.69,17868464.25,231143764.44,1.1765,10.0,85.0
2025-11-30,549300OPQRS456789T0,Lloyd's Syndicate 1183,2024-12-31,Workers' compensation insurance,4,2028,16180063.51,212652263.28,18491501.16,10368605.28,8296995.18,231143764.44,1.087,7.0,92.0
2025-11-30,549300OPQRS456789T0,Lloyd's Syndicate 1183,2024-12-31,Workers' compensation insurance,5,2029,3467156.47,216119419.75,15024344.69,8491243.37,7552505.99,231143764.44,1.0695,1.5,93.5
2025-11-30,549300OPQRS456789T0,Lloyd's Syndicate 1183,2024-12-31,Workers' compensation insurance,6,2030,3467156.47,219586576.22,11557188.22,3900660.64,6703264.18,231143764.44,1.0526,1.5,95.0
2025-11-30,549300OPQRS456789T0,Lloyd's Syndicate 1183,2024-12-31,Workers' compensation insurance,7,2031,3467156.47,223053732.68,8090031.76,3339532.75,5215238.31,231143764.44,1.0363,1.5,96.5
2025-11-30,549300OPQRS456789T0,Lloyd's Syndicate 1183,2024-12-31,Workers' compensation insurance,8,2032,3467156.47,226520889.15,4622875.29,1984302.84,2776354.47,231143764.44,1.0204,1.5,98.0
2025-11-30,549300OPQRS456789T0,Lloyd's Syndicate 1183,2024-12-31,Workers' compensation insurance,9,2033,3467156.47,229988045.62,1155718.82,453593.51,534907.94,231143764.44,1.005,1.5,99.5
2025-11-30,549300OPQRS456789T0,Lloyd's Syndicate 1183,2024-12-31,Workers' compensation insurance,10,2034,1155718.82,231143764.44,0.0,0.0,0.0,231143764.44,1.0,0.5,100.0
2025-11-30,549300OPQRS456789T0,Lloyd's Syndicate 1183,2024-12-31,Motor vehicle liability insurance,0,2024,74982839.68,74982839.68,139253845.12,65931403.96,96978705.45,214236684.8,2.8571,35.0,35.0
2025-11-30,549300OPQRS456789T0,Lloyd's Syndicate 1183,2024-12-31,Motor vehicle liability insurance,1,2025,53559171.2,128542010.88,85694673.92,43475226.63,58225750.79,214236684.8,1.6667,25.0,60.0
2025-11-30,549300OPQRS456789T0,Lloyd's Syndicate 1183,2024-12-31,Motor vehicle liability insurance,2,2026,32135502.72,160677513.6,53559171.2,17962672.61,22409793.46,214236684.8,1.3333,15.0,75.0
2025-11-30,549300OPQRS456789T0,Lloyd's Syndicate 1183,2024-12-31,Motor vehicle liability insurance,3,2027,21423668.48,182101182.08,32135502.72,12638842.14,14171007.35,214236684.8,1.1765,10.0,85.0
2025-11-30,549300OPQRS456789T0,Lloyd's Syndicate 1183,2024-12-31,Motor vehicle liability insurance,4,2028,14996567.94,197097750.02,17138934.78,7845528.36,9524009.67,214236684.8,1.087,7.0,92.0
2025-11-30,549300OPQRS456789T0,Lloyd's Syndicate 1183,2024-12-31,Motor vehicle liability insurance,5,2029,3213550.27,200311300.29,13925384.51,6579941.23,8683429.24,214236684.8,1.0695,1.5,93.5
2025-11-30,549300OPQRS456789T0,Lloyd's Syndicate 1183,2024-12-31,Motor vehicle liability insurance,6,2030,3213550.27,203524850.56,10711834.24,6334967.09,7107062.15,214236684.8,1.0526,1.5,95.0
2025-11-30,549300OPQRS456789T0,Lloyd's Syndicate 1183,2024-12-31,Motor vehicle liability insurance,7,2031,3213550.27,206738400.83,7498283.97,2515750.54,3760795.12,214236684.8,1.0363,1.5,96.5
2025-11-30,549300OPQRS456789T0,Lloyd's Syndicate 1183,2024-12-31,Motor vehicle liability insurance,8,2032,3213550.27,209951951.1,4284733.7,1614260.17,1941178.07,214236684.8,1.0204,1.5,98.0
2025-11-30,549300OPQRS456789T0,Lloyd's Syndicate 1183,2024-12-31,Motor vehicle liability insurance,9,2033,3213550.27,213165501.38,1071183.42,496405.1,606267.67,214236684.8,1.005,1.5,99.5
2025-11-30,549300OPQRS456789T0,Lloyd's Syndicate 1183,2024-12-31,Motor vehicle liability insurance,10,2034,1071183.42,214236684.8,0.0,0.0,0.0,214236684.8,1.0,0.5,100.0
2025-11-30,549300OPQRS456789T0,Lloyd's Syndicate 1183,2024-12-31,Other motor insurance,0,2024,81630001.18,81630001.18,151598573.61,46433733.27,78638320.46,233228574.79,2.8571,35.0,35.0
2025-11-30,549300OPQRS456789T0,Lloyd's Syndicate 1183,2024-12-31,Other motor insurance,1,2025,58307143.7,139937144.87,93291429.92,52900176.95,51878952.06,233228574.79,1.6667,25.0,60.0
2025-11-30,549300OPQRS456789T0,Lloyd's Syndicate 1183,2024-12-31,Other motor insurance,2,2026,34984286.22,174921431.09,58307143.7,23572898.36,27760197.03,233228574.79,1.3333,15.0,75.0
2025-11-30,549300OPQRS456789T0,Lloyd's Syndicate 1183,2024-12-31,Other motor insurance,3,2027,23322857.48,198244288.57,34984286.22,13049361.12,15040808.52,233228574.79,1.1765,10.0,85.0
2025-11-30,549300OPQRS456789T0,Lloyd's Syndicate 1183,2024-12-31,Other motor insurance,4,2028,16326000.24,214570288.81,18658285.98,10171899.07,7948377.99,233228574.79,1.087,7.0,92.0
2025-11-30,549300OPQRS456789T0,Lloyd's Syndicate 1183,2024-12-31,Other motor insurance,5,2029,3498428.62,218068717.43,15159857.36,5877301.3,6271674.25,233228574.79,1.0695,1.5,93.5
2025-11-30,549300OPQRS456789T0,Lloyd's Syndicate 1183,2024-12-31,Other motor insurance,6,2030,3498428.62,221567146.05,11661428.74,6232053.76,4802002.65,233228574.79,1.0526,1.5,95.0
2025-11-30,549300OPQRS456789T0,Lloyd's Syndicate 1183,2024-12-31,Other motor insurance,7,2031,3498428.62,225065574.67,8163000.12,3203898.62,4669148.0,233228574.79,1.0363,1.5,96.5
2025-11-30,549300OPQRS456789T0,Lloyd's Syndicate 1183,2024-12-31,Other motor insurance,8,2032,3498428.62,228564003.29,4664571.5,1972499.92,2260830.67,233228574.79,1.0204,1.5,98.0
2025-11-30,549300OPQRS456789T0,Lloyd's Syndicate 1183,2024-12-31,Other motor insurance,9,2033,3498428.62,232062431.92,1166142.87,446115.79,745558.39,233228574.79,1.005,1.5,99.5
2025-11-30,549300OPQRS456789T0,Lloyd's Syndicate 1183,2024-12-31,Other motor insurance,10,2034,1166142.87,233228574.79,0.0,0.0,0.0,233228574.79,1.0,0.5,100.0
2025-11-30,549300OPQRS456789T0,Lloyd's Syndicate 1183,2024-12-31,"Marine, aviation and transport insurance",0,2024,20925232.44,20925232.44,38861145.96,12084640.2,24395629.39,59786378.4,2.8571,35.0,35.0
2025-11-30,549300OPQRS456789T0,Lloyd's Syndicate 1183,2024-12-31,"Marine, aviation and transport insurance",1,2025,14946594.6,35871827.04,23914551.36,11137268.35,15187600.6,59786378.4,1.6667,25.0,60.0
2025-11-30,549300OPQRS456789T0,Lloyd's Syndicate 1183,2024-12-31,"Marine, aviation and transport insurance",2,2026,8967956.76,44839783.8,14946594.6,7611539.89,10047876.69,59786378.4,1.3333,15.0,75.0
2025-11-30,549300OPQRS456789T0,Lloyd's Syndicate 1183,2024-12-31,"Marine, aviation and transport insurance",3,2027,5978637.84,50818421.64,8967956.76,5073597.21,5708088.5,59786378.4,1.1765,10.0,85.0
2025-11-30,549300OPQRS456789T0,Lloyd's Syndicate 1183,2024-12-31,"Marine, aviation and transport insurance",4,2028,4185046.49,55003468.13,4782910.27,2116709.22,2355286.4,59786378.4,1.087,7.0,92.0
2025-11-30,549300OPQRS456789T0,Lloyd's Syndicate 1183,2024-12-31,"Marine, aviation and transport insurance",5,2029,896795.68,55900263.8,3886114.6,1756943.64,2139778.18,59786378.4,1.0695,1.5,93.5
2025-11-30,549300OPQRS456789T0,Lloyd's Syndicate 1183,2024-12-31,"Marine, aviation and transport insurance",6,2030,896795.68,56797059.48,2989318.92,1444088.15,1362619.06,59786378.4,1.0526,1.5,95.0
2025-11-30,549300OPQRS456789T0,Lloyd's Syndicate 1183,2024-12-31,"Marine, aviation and transport insurance",7,2031,896795.68,57693855.16,2092523.24,1039326.92,1123643.71,59786378.4,1.0363,1.5,96.5
2025-11-30,549300OPQRS456789T0,Lloyd's Syndicate 1183,2024-12-31,"Marine, aviation and transport insurance",8,2032,896795.68,58590650.83,1195727.57,581197.08,564241.65,59786378.4,1.0204,1.5,98.0
2025-11-30,549300OPQRS456789T0,Lloyd's Syndicate 1183,2024-12-31,"Marine, aviation and transport insurance",9,2033,896795.68,59487446.51,298931.89,128635.91,138423.51,59786378.4,1.005,1.5,99.5
2025-11-30,549300OPQRS456789T0,Lloyd's Syndicate 1183,2024-12-31,"Marine, aviation and transport insurance",10,2034,298931.89,59786378.4,0.0,0.0,0.0,59786378.4,1.0,0.5,100.0
2025-11-30,549300OPQRS456789T0,Lloyd's Syndicate 1183,2024-12-31,Fire and other damage to property insurance,0,2024,37185873.86,37185873.86,69059480.03,21571599.34,41623640.26,106245353.89,2.8571,35.0,35.0
2025-11-30,549300OPQRS456789T0,Lloyd's Syndicate 1183,2024-12-31,Fire and other damage to property insurance,1,2025,26561338.47,63747212.33,42498141.56,15486042.9,29615877.85,106245353.89,1.6667,25.0,60.0
2025-11-30,549300OPQRS456789T0,Lloyd's Syndicate 1183,2024-12-31,Fire and other damage to property insurance,2,2026,15936803.08,79684015.42,26561338.47,12221140.42,12927220.13,106245353.89,1.3333,15.0,75.0
2025-11-30,549300OPQRS456789T0,Lloyd's Syndicate 1183,2024-12-31,Fire and other damage to property insurance,3,2027,10624535.39,90308550.81,15936803.08,7925423.65,7690558.95,106245353.89,1.1765,10.0,85.0
2025-11-30,549300OPQRS456789T0,Lloyd's Syndicate 1183,2024-12-31,Fire and other damage to property insurance,4,2028,7437174.77,97745725.58,8499628.31,4641496.48,4185818.88,106245353.89,1.087,7.0,92.0
2025-11-30,549300OPQRS456789T0,Lloyd's Syndicate 1183,2024-12-31,Fire and other damage to property insurance,5,2029,1593680.31,99339405.89,6905948.0,4119220.64,4016108.73,106245353.89,1.0695,1.5,93.5
2025-11-30,549300OPQRS456789T0,Lloyd's Syndicate 1183,2024-12-31,Fire and other damage to property insurance,6,2030,1593680.31,100933086.2,5312267.69,2939401.73,2240951.66,106245353.89,1.0526,1.5,95.0
2025-11-30,549300OPQRS456789T0,Lloyd's Syndicate 1183,2024-12-31,Fire and other damage to property insurance,7,2031,1593680.31,102526766.5,3718587.39,1504130.76,2310158.01,106245353.89,1.0363,1.5,96.5
2025-11-30,549300OPQRS456789T0,Lloyd's Syndicate 1183,2024-12-31,Fire and other damage to property insurance,8,2032,1593680.31,104120446.81,2124907.08,1055053.99,973787.41,106245353.89,1.0204,1.5,98.0
2025-11-30,549300OPQRS456789T0,Lloyd's Syndicate 1183,2024-12-31,Fire and other damage to property insurance,9,2033,1593680.31,105714127.12,531226.77,216135.39,254475.16,106245353.89,1.005,1.5,99.5
2025-11-30,549300OPQRS456789T0,Lloyd's Syndicate 1183,2024-12-31,Fire and other damage to property insurance,10,2034,531226.77,106245353.89,0.0,0.0,0.0,106245353.89,1.0,0.5,100.0
2025-11-30,549300OPQRS456789T0,Lloyd's Syndicate 1183,2024-12-31,General liability insurance,0,2024,44542246.17,44542246.17,82721314.33,29962768.03,43239104.04,127263560.5,2.8571,35.0,35.0
2025-11-30,549300OPQRS456789T0,Lloyd's Syndicate 1183,2024-12-31,General liability insurance,1,2025,31815890.12,76358136.3,50905424.2,18257269.95,35062173.63,127263560.5,1.6667,25.0,60.0
2025-11-30,549300OPQRS456789T0,Lloyd's Syndicate 1183,2024-12-31,General liability insurance,2,2026,19089534.08,95447670.38,31815890.12,11019450.84,21443636.79,127263560.5,1.3333,15.0,75.0
2025-11-30,549300OPQRS456789T0,Lloyd's Syndicate 1183,2024-12-31,General liability insurance,3,2027,12726356.05,108174026.42,19089534.08,8180665.76,9799799.35,127263560.5,1.1765,10.0,85.0
2025-11-30,549300OPQRS456789T0,Lloyd's Syndicate 1183,2024-12-31,General liability insurance,4,2028,8908449.24,117082475.66,10181084.84,3760851.41,6014240.69,127263560.5,1.087,7.0,92.0
2025-11-30,549300OPQRS456789T0,Lloyd's Syndicate 1183,2024-12-31,General liability insurance,5,2029,1908953.41,118991429.07,8272131.43,4182872.78,4469195.11,127263560.5,1.0695,1.5,93.5
2025-11-30,549300OPQRS456789T0,Lloyd's Syndicate 1183,2024-12-31,General liability insurance,6,2030,1908953.41,120900382.48,6363178.02,2015295.28,4298664.29,127263560.5,1.0526,1.5,95.0
2025-11-30,549300OPQRS456789T0,Lloyd's Syndicate 1183,2024-12-31,General liability insurance,7,2031,1908953.41,122809335.88,4454224.62,2646249.23,2357679.1,127263560.5,1.0363,1.5,96.5
2025-11-30,549300OPQRS456789T0,Lloyd's Syndicate 1183,2024-12-31,General liability insurance,8,2032,1908953.41,124718289.29,2545271.21,1232161.32,1361948.12,127263560.5,1.0204,1.5,98.0
2025-11-30,549300OPQRS456789T0,Lloyd's Syndicate 1183,2024-12-31,General liability insurance,9,2033,1908953.41,126627242.7,636317.8,252340.67,269286.92,127263560.5,1.005,1.5,99.5
2025-11-30,549300OPQRS456789T0,Lloyd's Syndicate 1183,2024-12-31,General liability insurance,10,2034,636317.8,127263560.5,0.0,0.0,0.0,127263560.5,1.0,0.5,100.0
2025-11-30,549300UVWXY012345Z1,Lloyd's Syndicate 2791,2024-12-31,Medical expense insurance,0,2024,18990252.84,18990252.84,35267612.43,16739148.18,23425863.78,54257865.27,2.8571,35.0,35.0
2025-11-30,549300UVWXY012345Z1,Lloyd's Syndicate 2791,2024-12-31,Medical expense insurance,1,2025,13564466.32,32554719.16,21703146.11,7927395.95,9874427.09,54257865.27,1.6667,25.0,60.0
2025-11-30,549300UVWXY012345Z1,Lloyd's Syndicate 2791,2024-12-31,Medical expense insurance,2,2026,8138679.79,40693398.95,13564466.32,7211995.98,6463819.92,54257865.27,1.3333,15.0,75.0
2025-11-30,549300UVWXY012345Z1,Lloyd's Syndicate 2791,2024-12-31,Medical expense insurance,3,2027,5425786.53,46119185.48,8138679.79,2910353.48,4178371.96,54257865.27,1.1765,10.0,85.0
2025-11-30,549300UVWXY012345Z1,Lloyd's Syndicate 2791,2024-12-31,Medical expense insurance,4,2028,3798050.57,49917236.05,4340629.22,1813300.48,2874496.27,54257865.27,1.087,7.0,92.0
2025-11-30,549300UVWXY012345Z1,Lloyd's Syndicate 2791,2024-12-31,Medical expense insurance,5,2029,813867.98,50731104.03,3526761.24,1712359.11,1840223.24,54257865.27,1.0695,1.5,93.5
2025-11-30,549300UVWXY012345Z1,Lloyd's Syndicate 2791,2024-12-31,Medical expense insurance,6,2030,813867.98,51544972.01,2712893.26,1248789.23,1861559.06,54257865.27,1.0526,1.5,95.0
2025-11-30,549300UVWXY012345Z1,Lloyd's Syndicate 2791,2024-12-31,Medical expense insurance,7,2031,813867.98,52358839.99,1899025.28,634206.85,877947.22,54257865.27,1.0363,1.5,96.5
2025-11-30,549300UVWXY012345Z1,Lloyd's Syndicate 2791,2024-12-31,Medical expense insurance,8,2032,813867.98,53172707.96,1085157.31,638895.71,745717.34,54257865.27,1.0204,1.5,98.0
2025-11-30,549300UVWXY012345Z1,Lloyd's Syndicate 2791,2024-12-31,Medical expense insurance,9,2033,813867.98,53986575.94,271289.33,95805.72,120325.67,54257865.27,1.005,1.5,99.5
2025-11-30,549300UVWXY012345Z1,Lloyd's Syndicate 2791,2024-12-31,Medical expense insurance,10,2034,271289.33,54257865.27,0.0,0.0,0.0,54257865.27,1.0,0.5,100.0
2025-11-30,549300UVWXY012345Z1,Lloyd's Syndicate 2791,2024-12-31,Income protection insurance,0,2024,74804059.07,74804059.07,138921824.0,44906313.8,57987204.09,213725883.07,2.8571,35.0,35.0
2025-11-30,549300UVWXY012345Z1,Lloyd's Syndicate 2791,2024-12-31,Income protection insurance,1,2025,53431470.77,128235529.84,85490353.23,38090746.74,58760596.64,213725883.07,1.6667,25.0,60.0
2025-11-30,549300UVWXY012345Z1,Lloyd's Syndicate 2791,2024-12-31,Income protection insurance,2,2026,32058882.46,160294412.3,53431470.77,22870741.6,27086782.09,213725883.07,1.3333,15.0,75.0
2025-11-30,549300UVWXY012345Z1,Lloyd's Syndicate 2791,2024-12-31,Income protection insurance,3,2027,21372588.31,181667000.61,32058882.46,19215677.85,17939852.1,213725883.07,1.1765,10.0,85.0
2025-11-30,549300UVWXY012345Z1,Lloyd's Syndicate 2791,2024-12-31,Income protection insurance,4,2028,14960811.81,196627812.42,17098070.65,7054192.42,8818470.89,213725883.07,1.087,7.0,92.0
2025-11-30,549300UVWXY012345Z1,Lloyd's Syndicate 2791,2024-12-31,Income protection insurance,5,2029,3205888.25,199833700.67,13892182.4,4980178.58,7691641.8,213725883.07,1.0695,1.5,93.5
2025-11-30,549300UVWXY012345Z1,Lloyd's Syndicate 2791,2024-12-31,Income protection insurance,6,2030,3205888.25,203039588.92,10686294.15,4612808.42,5142657.12,213725883.07,1.0526,1.5,95.0
2025-11-30,549300UVWXY012345Z1,Lloyd's Syndicate 2791,2024-12-31,Income protection insurance,7,2031,3205888.25,206245477.16,7480405.91,2604393.28,3690620.28,213725883.07,1.0363,1.5,96.5
2025-11-30,549300UVWXY012345Z1,Lloyd's Syndicate 2791,2024-12-31,Income protection insurance,8,2032,3205888.25,209451365.41,4274517.66,1934668.06,1784611.05,213725883.07,1.0204,1.5,98.0
2025-11-30,549300UVWXY012345Z1,Lloyd's Syndicate 2791,2024-12-31,Income protection insurance,9,2033,3205888.25,212657253.65,1068629.42,369877.44,731260.1,213725883.07,1.005,1.5,99.5
2025-11-30,549300UVWXY012345Z1,Lloyd's Syndicate 2791,2024-12-31,Income protection insurance,10,2034,1068629.42,213725883.07,0.0,0.0,0.0,213725883.07,1.0,0.5,100.0
2025-11-30,549300UVWXY012345Z1,Lloyd's Syndicate 2791,2024-12-31,Workers' compensation insurance,0,2024,78145178.89,78145178.89,145126760.8,46228803.34,90219831.28,223271939.69,2.8571,35.0,35.0
2025-11-30,549300UVWXY012345Z1,Lloyd's Syndicate 2791,2024-12-31,Workers' compensation insurance,1,2025,55817984.92,133963163.81,89308775.88,46886108.55,53167630.25,223271939.69,1.6667,25.0,60.0
2025-11-30,549300UVWXY012345Z1,Lloyd's Syndicate 2791,2024-12-31,Workers' compensation insurance,2,2026,33490790.95,167453954.77,55817984.92,29006450.15,23800215.76,223271939.69,1.3333,15.0,75.0
2025-11-30,549300UVWXY012345Z1,Lloyd's Syndicate 2791,2024-12-31,Workers' compensation insurance,3,2027,22327193.97,189781148.74,33490790.95,17349373.95,14769656.36,223271939.69,1.1765,10.0,85.0
2025-11-30,549300UVWXY012345Z1,Lloyd's Syndicate 2791,2024-12-31,Workers' compensation insurance,4,2028,15629035.78,205410184.51,17861755.18,7177777.97,12196427.54,223271939.69,1.087,7.0,92.0
2025-11-30,549300UVWXY012345Z1,Lloyd's Syndicate 2791,2024-12-31,Workers' compensation insurance,5,2029,3349079.1,208759263.61,14512676.08,6543223.5,10017054.36,223271939.69,1.0695,1.5,93.5
2025-11-30,549300UVWXY012345Z1,Lloyd's Syndicate 2791,2024-12-31,Workers' compensation insurance,6,2030,3349079.1,212108342.71,11163596.98,3646887.44,6064813.62,223271939.69,1.0526,1.5,95.0
2025-11-30,549300UVWXY012345Z1,Lloyd's Syndicate 2791,2024-12-31,Workers' compensation insurance,7,2031,3349079.1,215457421.8,7814517.89,2490648.58,4603243.97,223271939.69,1.0363,1.5,96.5
2025-11-30,549300UVWXY012345Z1,Lloyd's Syndicate 2791,2024-12-31,Workers' compensation insurance,8,2032,3349079.1,218806500.9,4465438.79,1445070.03,2021103.77,223271939.69,1.0204,1.5,98.0
2025-11-30,549300UVWXY012345Z1,Lloyd's Syndicate 2791,2024-12-31,Workers' compensation insurance,9,2033,3349079.1,222155579.99,1116359.7,421592.23,697304.12,223271939.69,1.005,1.5,99.5
2025-11-30,549300UVWXY012345Z1,Lloyd's Syndicate 2791,2024-12-31,Workers' compensation insurance,10,2034,1116359.7,223271939.69,0.0,0.0,0.0,223271939.69,1.0,0.5,100.0
2025-11-30,549300UVWXY012345Z1,Lloyd's Syndicate 2791,2024-12-31,Motor vehicle liability insurance,0,2024,29041594.65,29041594.65,53934390.06,16750583.38,27965716.14,82975984.71,2.8571,35.0,35.0
2025-11-30,549300UVWXY012345Z1,Lloyd's Syndicate 2791,2024-12-31,Motor vehicle liability insurance,1,2025,20743996.18,49785590.83,33190393.88,19709534.33,14374848.15,82975984.71,1.6667,25.0,60.0
2025-11-30,549300UVWXY012345Z1,Lloyd's Syndicate 2791,2024-12-31,Motor vehicle liability insurance,2,2026,12446397.71,62231988.53,20743996.18,6856212.96,12972257.04,82975984.71,1.3333,15.0,75.0
2025-11-30,549300UVWXY012345Z1,Lloyd's Syndicate 2791,2024-12-31,Motor vehicle liability insurance,3,2027,8297598.47,70529587.0,12446397.71,4899505.89,7656830.77,82975984.71,1.1765,10.0,85.0
2025-11-30,549300UVWXY012345Z1,Lloyd's Syndicate 2791,2024-12-31,Motor vehicle liability insurance,4,2028,5808318.93,76337905.93,6638078.78,2389729.45,3571429.75,82975984.71,1.087,7.0,92.0
2025-11-30,549300UVWXY012345Z1,Lloyd's Syndicate 2791,2024-12-31,Motor vehicle liability insurance,5,2029,1244639.77,77582545.7,5393439.01,2047279.13,2887962.57,82975984.71,1.0695,1.5,93.5
2025-11-30,549300UVWXY012345Z1,Lloyd's Syndicate 2791,2024-12-31,Motor vehicle liability insurance,6,2030,1244639.77,78827185.47,4148799.24,2201888.6,2607947.57,82975984.71,1.0526,1.5,95.0
2025-11-30,549300UVWXY012345Z1,Lloyd's Syndicate 2791,2024-12-31,Motor vehicle liability insurance,7,2031,1244639.77,80071825.25,2904159.46,1320613.33,1970505.75,82975984.71,1.0363,1.5,96.5
2025-11-30,549300UVWXY012345Z1,Lloyd's Syndicate 2791,2024-12-31,Motor vehicle liability insurance,8,2032,1244639.77,81316465.02,1659519.69,629182.38,783448.3,82975984.71,1.0204,1.5,98.0
2025-11-30,549300UVWXY012345Z1,Lloyd's Syndicate 2791,2024-12-31,Motor vehicle liability insurance,9,2033,1244639.77,82561104.79,414879.92,200860.76,243281.07,82975984.71,1.005,1.5,99.5
2025-11-30,549300UVWXY012345Z1,Lloyd's Syndicate 2791,2024-12-31,Motor vehicle liability insurance,10,2034,414879.92,82975984.71,0.0,0.0,0.0,82975984.71,1.0,0.5,100.0
2025-11-30,549300UVWXY012345Z1,Lloyd's Syndicate 2791,2024-12-31,Other motor insurance,0,2024,50263163.77,50263163.77,93345875.57,48934965.76,59968349.47,143609039.34,2.8571,35.0,35.0
2025-11-30,549300UVWXY012345Z1,Lloyd's Syndicate 2791,2024-12-31,Other motor insurance,1,2025,35902259.84,86165423.6,57443615.74,26748398.27,23006829.25,143609039.34,1.6667,25.0,60.0
2025-11-30,549300UVWXY012345Z1,Lloyd's Syndicate 2791,2024-12-31,Other motor insurance,2,2026,21541355.9,107706779.5,35902259.84,17624769.15,22426863.02,143609039.34,1.3333,15.0,75.0
2025-11-30,549300UVWXY012345Z1,Lloyd's Syndicate 2791,2024-12-31,Other motor insurance,3,2027,14360903.93,122067683.44,21541355.9,8071437.92,11619273.82,143609039.34,1.1765,10.0,85.0
2025-11-30,549300UVWXY012345Z1,Lloyd's Syndicate 2791,2024-12-31,Other motor insurance,4,2028,10052632.75,132120316.19,11488723.15,6775106.69,5622979.38,143609039.34,1.087,7.0,92.0
2025-11-30,549300UVWXY012345Z1,Lloyd's Syndicate 2791,2024-12-31,Other motor insurance,5,2029,2154135.59,134274451.78,9334587.56,3425289.34,4324307.77,143609039.34,1.0695,1.5,93.5
2025-11-30,549300UVWXY012345Z1,Lloyd's Syndicate 2791,2024-12-31,Other motor insurance,6,2030,2154135.59,136428587.37,7180451.97,3357868.36,4918150.98,143609039.34,1.0526,1.5,95.0
2025-11-30,549300UVWXY012345Z1,Lloyd's Syndicate 2791,2024-12-31,Other motor insurance,7,2031,2154135.59,138582722.96,5026316.38,2425735.66,2467905.94,143609039.34,1.0363,1.5,96.5
2025-11-30,549300UVWXY012345Z1,Lloyd's Syndicate 2791,2024-12-31,Other motor insurance,8,2032,2154135.59,140736858.55,2872180.79,1411880.59,1687270.33,143609039.34,1.0204,1.5,98.0
2025-11-30,549300UVWXY012345Z1,Lloyd's Syndicate 2791,2024-12-31,Other motor insurance,9,2033,2154135.59,142890994.14,718045.2,343999.33,321560.65,143609039.34,1.005,1.5,99.5
2025-11-30,549300UVWXY012345Z1,Lloyd's Syndicate 2791,2024-12-31,Other motor insurance,10,2034,718045.2,143609039.34,0.0,0.0,0.0,143609039.34,1.0,0.5,100.0
2025-11-30,549300UVWXY012345Z1,Lloyd's Syndicate 2791,2024-12-31,"Marine, aviation and transport insurance",0,2024,19126805.13,19126805.13,35521209.53,16408289.09,24750469.21,54648014.66,2.8571,35.0,35.0
2025-11-30,549300UVWXY012345Z1,Lloyd's Syndicate 2791,2024-12-31,"Marine, aviation and transport insurance",1,2025,13662003.66,32788808.8,21859205.86,8851270.67,15075589.66,54648014.66,1.6667,25.0,60.0
2025-11-30,549300UVWXY012345Z1,Lloyd's Syndicate 2791,2024-12-31,"Marine, aviation and transport insurance",2,2026,8197202.2,40986010.99,13662003.66,4492910.06,8466822.32,54648014.66,1.3333,15.0,75.0
2025-11-30,549300UVWXY012345Z1,Lloyd's Syndicate 2791,2024-12-31,"Marine, aviation and transport insurance",3,2027,5464801.47,46450812.46,8197202.2,2740316.48,3951637.33,54648014.66,1.1765,10.0,85.0
2025-11-30,549300UVWXY012345Z1,Lloyd's Syndicate 2791,2024-12-31,"Marine, aviation and transport insurance",4,2028,3825361.03,50276173.49,4371841.17,2060239.99,2526198.07,54648014.66,1.087,7.0,92.0
2025-11-30,549300UVWXY012345Z1,Lloyd's Syndicate 2791,2024-12-31,"Marine, aviation and transport insurance",5,2029,819720.22,51095893.71,3552120.95,1891729.59,2076546.54,54648014.66,1.0695,1.5,93.5
2025-11-30,549300UVWXY012345Z1,Lloyd's Syndicate 2791,2024-12-31,"Marine, aviation and transport insurance",6,2030,819720.22,51915613.93,2732400.73,1306318.2,1840834.57,54648014.66,1.0526,1.5,95.0
2025-11-30,549300UVWXY012345Z1,Lloyd's Syndicate 2791,2024-12-31,"Marine, aviation and transport insurance",7,2031,819720.22,52735334.15,1912680.51,833255.87,894330.64,54648014.66,1.0363,1.5,96.5
2025-11-30,549300UVWXY012345Z1,Lloyd's Syndicate 2791,2024-12-31,"Marine, aviation and transport insurance",8,2032,819720.22,53555054.37,1092960.29,380936.64,568337.58,54648014.66,1.0204,1.5,98.0
2025-11-30,549300UVWXY012345Z1,Lloyd's Syndicate 2791,2024-12-31,"Marine, aviation and transport insurance",9,2033,819720.22,54374774.59,273240.07,140397.81,112783.4,54648014.66,1.005,1.5,99.5
2025-11-30,549300UVWXY012345Z1,Lloyd's Syndicate 2791,2024-12-31,"Marine, aviation and transport insurance",10,2034,273240.07,54648014.66,0.0,0.0,0.0,54648014.66,1.0,0.5,100.0
2025-11-30,549300UVWXY012345Z1,Lloyd's Syndicate 2791,2024-12-31,Fire and other damage to property insurance,0,2024,68709388.39,68709388.39,127603149.87,47578033.28,57405827.97,196312538.26,2.8571,35.0,35.0
2025-11-30,549300UVWXY012345Z1,Lloyd's Syndicate 2791,2024-12-31,Fire and other damage to property insurance,1,2025,49078134.56,117787522.96,78525015.3,37521703.54,49344567.95,196312538.26,1.6667,25.0,60.0
2025-11-30,549300UVWXY012345Z1,Lloyd's Syndicate 2791,2024-12-31,Fire and other damage to property insurance,2,2026,29446880.74,147234403.69,49078134.56,19613903.48,28144414.86,196312538.26,1.3333,15.0,75.0
2025-11-30,549300UVWXY012345Z1,Lloyd's Syndicate 2791,2024-12-31,Fire and other damage to property insurance,3,2027,19631253.83,166865657.52,29446880.74,9700901.59,20040289.92,196312538.26,1.1765,10.0,85.0
2025-11-30,549300UVWXY012345Z1,Lloyd's Syndicate 2791,2024-12-31,Fire and other damage to property insurance,4,2028,13741877.68,180607535.2,15705003.06,6298787.6,10981750.21,196312538.26,1.087,7.0,92.0
2025-11-30,549300UVWXY012345Z1,Lloyd's Syndicate 2791,2024-12-31,Fire and other damage to property insurance,5,2029,2944688.07,183552223.27,12760314.99,7574220.9,8085535.75,196312538.26,1.0695,1.5,93.5
2025-11-30,549300UVWXY012345Z1,Lloyd's Syndicate 2791,2024-12-31,Fire and other damage to property insurance,6,2030,2944688.07,186496911.35,9815626.91,3003779.41,5526614.88,196312538.26,1.0526,1.5,95.0
2025-11-30,549300UVWXY012345Z1,Lloyd's Syndicate 2791,2024-12-31,Fire and other damage to property insurance,7,2031,2944688.07,189441599.42,6870938.84,2240275.97,4593507.12,196312538.26,1.0363,1.5,96.5
2025-11-30,549300UVWXY012345Z1,Lloyd's Syndicate 2791,2024-12-31,Fire and other damage to property insurance,8,2032,2944688.07,192386287.49,3926250.77,2107968.21,2715795.95,196312538.26,1.0204,1.5,98.0
2025-11-30,549300UVWXY012345Z1,Lloyd's Syndicate 2791,2024-12-31,Fire and other damage to property insurance,9,2033,2944688.07,195330975.57,981562.69,473618.61,546388.68,196312538.26,1.005,1.5,99.5
2025-11-30,549300UVWXY012345Z1,Lloyd's Syndicate 2791,2024-12-31,Fire and other damage to property insurance,10,2034,981562.69,196312538.26,0.0,0.0,0.0,196312538.26,1.0,0.5,100.0
2025-11-30,549300UVWXY012345Z1,Lloyd's Syndicate 2791,2024-12-31,General liability insurance,0,2024,58510380.88,58510380.88,108662135.93,53312227.32,73877678.29,167172516.81,2.8571,35.0,35.0
2025-11-30,549300UVWXY012345Z1,Lloyd's Syndicate 2791,2024-12-31,General liability insurance,1,2025,41793129.2,100303510.09,66869006.72,32014560.16,43941950.2,167172516.81,1.6667,25.0,60.0
2025-11-30,549300UVWXY012345Z1,Lloyd's Syndicate 2791,2024-12-31,General liability insurance,2,2026,25075877.52,125379387.61,41793129.2,23355420.45,23222344.0,167172516.81,1.3333,15.0,75.0
2025-11-30,549300UVWXY012345Z1,Lloyd's Syndicate 2791,2024-12-31,General liability insurance,3,2027,16717251.68,142096639.29,25075877.52,10136695.11,14841713.84,167172516.81,1.1765,10.0,85.0
2025-11-30,549300UVWXY012345Z1,Lloyd's Syndicate 2791,2024-12-31,General liability insurance,4,2028,11702076.18,153798715.47,13373801.34,5801062.9,5676272.73,167172516.81,1.087,7.0,92.0
2025-11-30,549300UVWXY012345Z1,Lloyd's Syndicate 2791,2024-12-31,General liability insurance,5,2029,2507587.75,156306303.22,10866213.59,4491470.39,7587025.49,167172516.81,1.0695,1.5,93.5
2025-11-30,549300UVWXY012345Z1,Lloyd's Syndicate 2791,2024-12-31,General liability insurance,6,2030,2507587.75,158813890.97,8358625.84,2629235.52,5090403.75,167172516.81,1.0526,1.5,95.0
2025-11-30,549300UVWXY012345Z1,Lloyd's Syndicate 2791,2024-12-31,General liability insurance,7,2031,2507587.75,161321478.72,5851038.09,3231859.57,3479131.23,167172516.81,1.0363,1.5,96.5
2025-11-30,549300UVWXY012345Z1,Lloyd's Syndicate 2791,2024-12-31,General liability insurance,8,2032,2507587.75,163829066.47,3343450.34,1574512.58,2047082.05,167172516.81,1.0204,1.5,98.0
2025-11-30,549300UVWXY012345Z1,Lloyd's Syndicate 2791,2024-12-31,General liability insurance,9,2033,2507587.75,166336654.23,835862.58,358420.23,357254.79,167172516.81,1.005,1.5,99.5
2025-11-30,549300UVWXY012345Z1,Lloyd's Syndicate 2791,2024-12-31,General liability insurance,10,2034,835862.58,167172516.81,0.0,0.0,0.0,167172516.81,1.0,0.5,100.0
2025-11-30,549300ABCDE678901F2,Lloyd's Syndicate 623,2024-12-31,Medical expense insurance,0,2024,75721558.25,75721558.25,140625751.04,64602504.08,58556832.96,216347309.29,2.8571,35.0,35.0
2025-11-30,549300ABCDE678901F2,Lloyd's Syndicate 623,2024-12-31,Medical expense insurance,1,2025,54086827.32,129808385.57,86538923.72,50696576.74,55191165.05,216347309.29,1.6667,25.0,60.0
2025-11-30,549300ABCDE678901F2,Lloyd's Syndicate 623,2024-12-31,Medical expense insurance,2,2026,32452096.39,162260481.97,54086827.32,18645317.82,37563012.91,216347309.29,1.3333,15.0,75.0
2025-11-30,549300ABCDE678901F2,Lloyd's Syndicate 623,2024-12-31,Medical expense insurance,3,2027,21634730.93,183895212.9,32452096.39,16909827.23,17579186.88,216347309.29,1.1765,10.0,85.0
2025-11-30,549300ABCDE678901F2,Lloyd's Syndicate 623,2024-12-31,Medical expense insurance,4,2028,15144311.65,199039524.55,17307784.74,8366773.82,7477326.55,216347309.29,1.087,7.0,92.0
2025-11-30,549300ABCDE678901F2,Lloyd's Syndicate 623,2024-12-31,Medical expense insurance,5,2029,3245209.64,202284734.19,14062575.1,6583021.22,5935789.35,216347309.29,1.0695,1.5,93.5
2025-11-30,549300ABCDE678901F2,Lloyd's Syndicate 623,2024-12-31,Medical expense insurance,6,2030,3245209.64,205529943.83,10817365.46,5013379.17,6120559.56,216347309.29,1.0526,1.5,95.0
2025-11-30,549300ABCDE678901F2,Lloyd's Syndicate 623,2024-12-31,Medical expense insurance,7,2031,3245209.64,208775153.46,7572155.83,4258062.77,4675936.84,216347309.29,1.0363,1.5,96.5
2025-11-30,549300ABCDE678901F2,Lloyd's Syndicate 623,2024-12-31,Medical expense insurance,8,2032,3245209.64,212020363.1,4326946.19,1622023.79,2884030.11,216347309.29,1.0204,1.5,98.0
2025-11-30,549300ABCDE678901F2,Lloyd's Syndicate 623,2024-12-31,Medical expense insurance,9,2033,3245209.64,215265572.74,1081736.55,510550.23,629477.47,216347309.29,1.005,1.5,99.5
2025-11-30,549300ABCDE678901F2,Lloyd's Syndicate 623,2024-12-31,Medical expense insurance,10,2034,1081736.55,216347309.29,0.0,0.0,0.0,216347309.29,1.0,0.5,100.0
2025-11-30,549300ABCDE678901F2,Lloyd's Syndicate 623,2024-12-31,Income protection insurance,0,2024,98959447.56,98959447.56,183781831.19,97863309.57,125380695.01,282741278.75,2.8571,35.0,35.0
2025-11-30,549300ABCDE678901F2,Lloyd's Syndicate 623,2024-12-31,Income protection insurance,1,2025,70685319.69,169644767.25,113096511.5,44185672.82,74455476.78,282741278.75,1.6667,25.0,60.0
2025-11-30,549300ABCDE678901F2,Lloyd's Syndicate 623,2024-12-31,Income protection insurance,2,2026,42411191.81,212055959.06,70685319.69,31572866.34,31750089.84,282741278.75,1.3333,15.0,75.0
2025-11-30,549300ABCDE678901F2,Lloyd's Syndicate 623,2024-12-31,Income protection insurance,3,2027,28274127.87,240330086.94,42411191.81,21232746.69,25668783.53,282741278.75,1.1765,10.0,85.0
2025-11-30,549300ABCDE678901F2,Lloyd's Syndicate 623,2024-12-31,Income protection insurance,4,2028,19791889.51,260121976.45,22619302.3,8732800.38,9234284.91,282741278.75,1.087,7.0,92.0
2025-11-30,549300ABCDE678901F2,Lloyd's Syndicate 623,2024-12-31,Income protection insurance,5,2029,4241119.18,264363095.63,18378183.12,6615303.79,9555428.74,282741278.75,1.0695,1.5,93.5
2025-11-30,549300ABCDE678901F2,Lloyd's Syndicate 623,2024-12-31,Income protection insurance,6,2030,4241119.18,268604214.81,14137063.94,4951773.46,6477729.71,282741278.75,1.0526,1.5,95.0
2025-11-30,549300ABCDE678901F2,Lloyd's Syndicate 623,2024-12-31,Income protection insurance,7,2031,4241119.18,272845333.99,9895944.76,4130737.54,6813714.06,282741278.75,1.0363,1.5,96.5
2025-11-30,549300ABCDE678901F2,Lloyd's Syndicate 623,2024-12-31,Income protection insurance,8,2032,4241119.18,277086453.18,5654825.58,2992946.81,2804366.66,282741278.75,1.0204,1.5,98.0
2025-11-30,549300ABCDE678901F2,Lloyd's Syndicate 623,2024-12-31,Income protection insurance,9,2033,4241119.18,281327572.36,1413706.39,827698.55,839309.06,282741278.75,1.005,1.5,99.5
2025-11-30,549300ABCDE678901F2,Lloyd's Syndicate 623,2024-12-31,Income protection insurance,10,2034,1413706.39,282741278.75,0.0,0.0,0.0,282741278.75,1.0,0.5,100.0
2025-11-30,549300ABCDE678901F2,Lloyd's Syndicate 623,2024-12-31,Workers' compensation insurance,0,2024,53440140.94,53440140.94,99245976.02,36710849.91,51209897.19,152686116.96,2.8571,35.0,35.0
2025-11-30,549300ABCDE678901F2,Lloyd's Syndicate 623,2024-12-31,Workers' compensation insurance,1,2025,38171529.24,91611670.18,61074446.78,27994627.92,34104472.21,152686116.96,1.6667,25.0,60.0
2025-11-30,549300ABCDE678901F2,Lloyd's Syndicate 623,2024-12-31,Workers' compensation insurance,2,2026,22902917.54,114514587.72,38171529.24,20174457.5,19377370.56,152686116.96,1.3333,15.0,75.0
2025-11-30,549300ABCDE678901F2,Lloyd's Syndicate 623,2024-12-31,Workers' compensation insurance,3,2027,15268611.7,129783199.42,22902917.54,11795905.11,13133163.93,152686116.96,1.1765,10.0,85.0
2025-11-30,549300ABCDE678901F2,Lloyd's Syndicate 623,2024-12-31,Workers' compensation insurance,4,2028,10688028.19,140471227.6,12214889.36,7189117.37,6297819.57,152686116.96,1.087,7.0,92.0
2025-11-30,549300ABCDE678901F2,Lloyd's Syndicate 623,2024-12-31,Workers' compensation insurance,5,2029,2290291.75,142761519.36,9924597.6,5660642.51,6413203.16,152686116.96,1.0695,1.5,93.5
2025-11-30,549300ABCDE678901F2,Lloyd's Syndicate 623,2024-12-31,Workers' compensation insurance,6,2030,2290291.75,145051811.11,7634305.85,3750729.01,4552751.43,152686116.96,1.0526,1.5,95.0
2025-11-30,549300ABCDE678901F2,Lloyd's Syndicate 623,2024-12-31,Workers' compensation insurance,7,2031,2290291.75,147342102.87,5344014.09,1738915.36,3661009.74,152686116.96,1.0363,1.5,96.5
2025-11-30,549300ABCDE678901F2,Lloyd's Syndicate 623,2024-12-31,Workers' compensation insurance,8,2032,2290291.75,149632394.62,3053722.34,1014082.62,1737476.38,152686116.96,1.0204,1.5,98.0
2025-11-30,549300ABCDE678901F2,Lloyd's Syndicate 623,2024-12-31,Workers' compensation insurance,9,2033,2290291.75,151922686.38,763430.58,304625.02,403820.88,152686116.96,1.005,1.5,99.5
2025-11-30,549300ABCDE678901F2,Lloyd's Syndicate 623,2024-12-31,Workers' compensation insurance,10,2034,763430.58,152686116.96,0.0,0.0,0.0,152686116.96,1.0,0.5,100.0
2025-11-30,549300ABCDE678901F2,Lloyd's Syndicate 623,2024-12-31,Motor vehicle liability insurance,0,2024,57537123.31,57537123.31,106854657.58,63719448.3,61745282.11,164391780.89,2.8571,35.0,35.0
2025-11-30,549300ABCDE678901F2,Lloyd's Syndicate 623,2024-12-31,Motor vehicle liability insurance,1,2025,41097945.22,98635068.53,65756712.36,22894263.53,30051000.91,164391780.89,1.6667,25.0,60.0
2025-11-30,549300ABCDE678901F2,Lloyd's Syndicate 623,2024-12-31,Motor vehicle liability insurance,2,2026,24658767.13,123293835.67,41097945.22,21158591.2,17060551.83,164391780.89,1.3333,15.0,75.0
2025-11-30,549300ABCDE678901F2,Lloyd's Syndicate 623,2024-12-31,Motor vehicle liability insurance,3,2027,16439178.09,139733013.76,24658767.13,10951019.46,10959977.01,164391780.89,1.1765,10.0,85.0
2025-11-30,549300ABCDE678901F2,Lloyd's Syndicate 623,2024-12-31,Motor vehicle liability insurance,4,2028,11507424.66,151240438.42,13151342.47,5654624.73,8219263.24,164391780.89,1.087,7.0,92.0
2025-11-30,549300ABCDE678901F2,Lloyd's Syndicate 623,2024-12-31,Motor vehicle liability insurance,5,2029,2465876.71,153706315.13,10685465.76,4676428.68,4798151.67,164391780.89,1.0695,1.5,93.5
2025-11-30,549300ABCDE678901F2,Lloyd's Syndicate 623,2024-12-31,Motor vehicle liability insurance,6,2030,2465876.71,156172191.85,8219589.04,3087093.62,4194142.93,164391780.89,1.0526,1.5,95.0
2025-11-30,549300ABCDE678901F2,Lloyd's Syndicate 623,2024-12-31,Motor vehicle liability insurance,7,2031,2465876.71,158638068.56,5753712.33,1846184.21,3310118.13,164391780.89,1.0363,1.5,96.5
2025-11-30,549300ABCDE678901F2,Lloyd's Syndicate 623,2024-12-31,Motor vehicle liability insurance,8,2032,2465876.71,161103945.27,3287835.62,1585592.06,1376437.84,164391780.89,1.0204,1.5,98.0
2025-11-30,549300ABCDE678901F2,Lloyd's Syndicate 623,2024-12-31,Motor vehicle liability insurance,9,2033,2465876.71,163569821.99,821958.9,345792.68,430871.03,164391780.89,1.005,1.5,99.5
2025-11-30,549300ABCDE678901F2,Lloyd's Syndicate 623,2024-12-31,Motor vehicle liability insurance,10,2034,821958.9,164391780.89,0.0,0.0,0.0,164391780.89,1.0,0.5,100.0
2025-11-30,549300ABCDE678901F2,Lloyd's Syndicate 623,2024-12-31,Other motor insurance,0,2024,47771280.38,47771280.38,88718092.14,37698338.69,56713667.12,136489372.52,2.8571,35.0,35.0
2025-11-30,549300ABCDE678901F2,Lloyd's Syndicate 623,2024-12-31,Other motor insurance,1,2025,34122343.13,81893623.51,54595749.01,19033869.21,31978608.76,136489372.52,1.6667,25.0,60.0
2025-11-30,549300ABCDE678901F2,Lloyd's Syndicate 623,2024-12-31,Other motor insurance,2,2026,20473405.88,102367029.39,34122343.13,15412322.64,16771864.98,136489372.52,1.3333,15.0,75.0
2025-11-30,549300ABCDE678901F2,Lloyd's Syndicate 623,2024-12-31,Other motor insurance,3,2027,13648937.25,116015966.64,20473405.88,10610555.46,11574773.25,136489372.52,1.1765,10.0,85.0
2025-11-30,549300ABCDE678901F2,Lloyd's Syndicate 623,2024-12-31,Other motor insurance,4,2028,9554256.08,125570222.72,10919149.8,4839459.55,6554774.3,136489372.52,1.087,7.0,92.0
2025-11-30,549300ABCDE678901F2,Lloyd's Syndicate 623,2024-12-31,Other motor insurance,5,2029,2047340.59,127617563.31,8871809.21,4796872.73,6137523.27,136489372.52,1.0695,1.5,93.5
2025-11-30,549300ABCDE678901F2,Lloyd's Syndicate 623,2024-12-31,Other motor insurance,6,2030,2047340.59,129664903.89,6824468.63,3335835.14,4520063.92,136489372.52,1.0526,1.5,95.0
2025-11-30,549300ABCDE678901F2,Lloyd's Syndicate 623,2024-12-31,Other motor insurance,7,2031,2047340.59,131712244.48,4777128.04,1434702.74,2670752.35,136489372.52,1.0363,1.5,96.5
2025-11-30,549300ABCDE678901F2,Lloyd's Syndicate 623,2024-12-31,Other motor insurance,8,2032,2047340.59,133759585.07,2729787.45,994718.89,1169052.6,136489372.52,1.0204,1.5,98.0
2025-11-30,549300ABCDE678901F2,Lloyd's Syndicate 623,2024-12-31,Other motor insurance,9,2033,2047340.59,135806925.66,682446.86,313646.64,425879.57,136489372.52,1.005,1.5,99.5
2025-11-30,549300ABCDE678901F2,Lloyd's Syndicate 623,2024-12-31,Other motor insurance,10,2034,682446.86,136489372.52,0.0,0.0,0.0,136489372.52,1.0,0.5,100.0
2025-11-30,549300ABCDE678901F2,Lloyd's Syndicate 623,2024-12-31,"Marine, aviation and transport insurance",0,2024,60350434.71,60350434.71,112079378.75,48320307.32,54591286.68,172429813.46,2.8571,35.0,35.0
2025-11-30,549300ABCDE678901F2,Lloyd's Syndicate 623,2024-12-31,"Marine, aviation and transport insurance",1,2025,43107453.37,103457888.08,68971925.38,28608041.02,34826593.6,172429813.46,1.6667,25.0,60.0
2025-11-30,549300ABCDE678901F2,Lloyd's Syndicate 623,2024-12-31,"Marine, aviation and transport insurance",2,2026,25864472.02,129322360.09,43107453.37,21288881.18,18743360.12,172429813.46,1.3333,15.0,75.0
2025-11-30,549300ABCDE678901F2,Lloyd's Syndicate 623,2024-12-31,"Marine, aviation and transport insurance",3,2027,17242981.35,146565341.44,25864472.02,8478138.84,15467055.09,172429813.46,1.1765,10.0,85.0
2025-11-30,549300ABCDE678901F2,Lloyd's Syndicate 623,2024-12-31,"Marine, aviation and transport insurance",4,2028,12070086.94,158635428.38,13794385.08,6399069.31,7298057.77,172429813.46,1.087,7.0,92.0
2025-11-30,549300ABCDE678901F2,Lloyd's Syndicate 623,2024-12-31,"Marine, aviation and transport insurance",5,2029,2586447.2,161221875.59,11207937.87,3874952.48,5865205.05,172429813.46,1.0695,1.5,93.5
2025-11-30,549300ABCDE678901F2,Lloyd's Syndicate 623,2024-12-31,"Marine, aviation and transport insurance",6,2030,2586447.2,163808322.79,8621490.67,4629046.71,5749554.63,172429813.46,1.0526,1.5,95.0
2025-11-30,549300ABCDE678901F2,Lloyd's Syndicate 623,2024-12-31,"Marine, aviation and transport insurance",7,2031,2586447.2,166394769.99,6035043.47,3082537.08,2522489.16,172429813.46,1.0363,1.5,96.5
2025-11-30,549300ABCDE678901F2,Lloyd's Syndicate 623,2024-12-31,"Marine, aviation and transport insurance",8,2032,2586447.2,168981217.19,3448596.27,1728170.68,1628757.11,172429813.46,1.0204,1.5,98.0
2025-11-30,549300ABCDE678901F2,Lloyd's Syndicate 623,2024-12-31,"Marine, aviation and transport insurance",9,2033,2586447.2,171567664.39,862149.07,340182.79,395521.2,172429813.46,1.005,1.5,99.5
2025-11-30,549300ABCDE678901F2,Lloyd's Syndicate 623,2024-12-31,"Marine, aviation and transport insurance",10,2034,862149.07,172429813.46,0.0,0.0,0.0,172429813.46,1.0,0.5,100.0
2025-11-30,549300ABCDE678901F2,Lloyd's Syndicate 623,2024-12-31,Fire and other damage to property insurance,0,2024,71035567.28,71035567.28,131923196.37,66013283.44,62140004.61,202958763.65,2.8571,35.0,35.0
2025-11-30,549300ABCDE678901F2,Lloyd's Syndicate 623,2024-12-31,Fire and other damage to property insurance,1,2025,50739690.91,121775258.19,81183505.46,35184389.31,47896329.27,202958763.65,1.6667,25.0,60.0
2025-11-30,549300ABCDE678901F2,Lloyd's Syndicate 623,2024-12-31,Fire and other damage to property insurance,2,2026,30443814.55,152219072.74,50739690.91,24912082.53,32349371.99,202958763.65,1.3333,15.0,75.0
2025-11-30,549300ABCDE678901F2,Lloyd's Syndicate 623,2024-12-31,Fire and other damage to property insurance,3,2027,20295876.36,172514949.1,30443814.55,11755306.34,19213116.83,202958763.65,1.1765,10.0,85.0
2025-11-30,549300ABCDE678901F2,Lloyd's Syndicate 623,2024-12-31,Fire and other damage to property insurance,4,2028,14207113.46,186722062.56,16236701.09,7015153.48,9759098.54,202958763.65,1.087,7.0,92.0
2025-11-30,549300ABCDE678901F2,Lloyd's Syndicate 623,2024-12-31,Fire and other damage to property insurance,5,2029,3044381.45,189766444.01,13192319.64,5761294.61,9031238.43,202958763.65,1.0695,1.5,93.5
2025-11-30,549300ABCDE678901F2,Lloyd's Syndicate 623,2024-12-31,Fire and other damage to property insurance,6,2030,3044381.45,192810825.47,10147938.18,3590245.94,6114148.25,202958763.65,1.0526,1.5,95.0
2025-11-30,549300ABCDE678901F2,Lloyd's Syndicate 623,2024-12-31,Fire and other damage to property insurance,7,2031,3044381.45,195855206.92,7103556.73,3359701.74,3209524.12,202958763.65,1.0363,1.5,96.5
2025-11-30,549300ABCDE678901F2,Lloyd's Syndicate 623,2024-12-31,Fire and other damage to property insurance,8,2032,3044381.45,198899588.38,4059175.27,1298131.97,2596830.25,202958763.65,1.0204,1.5,98.0
2025-11-30,549300ABCDE678901F2,Lloyd's Syndicate 623,2024-12-31,Fire and other damage to property insurance,9,2033,3044381.45,201943969.83,1014793.82,352372.34,462697.28,202958763.65,1.005,1.5,99.5
2025-11-30,549300ABCDE678901F2,Lloyd's Syndicate 623,2024-12-31,Fire and other damage to property insurance,10,2034,1014793.82,202958763.65,0.0,0.0,0.0,202958763.65,1.0,0.5,100.0
2025-11-30,549300ABCDE678901F2,Lloyd's Syndicate 623,2024-12-31,General liability insurance,0,2024,39417598.64,39417598.64,73204111.76,34939201.65,41011399.52,112621710.4,2.8571,35.0,35.0
2025-11-30,549300ABCDE678901F2,Lloyd's Syndicate 623,2024-12-31,General liability insurance,1,2025,28155427.6,67573026.24,45048684.16,24927328.1,27875955.67,112621710.4,1.6667,25.0,60.0
2025-11-30,549300ABCDE678901F2,Lloyd's Syndicate 623,2024-12-31,General liability insurance,2,2026,16893256.56,84466282.8,28155427.6,15471867.46,13048688.57,112621710.4,1.3333,15.0,75.0
2025-11-30,549300ABCDE678901F2,Lloyd's Syndicate 623,2024-12-31,General liability insurance,3,2027,11262171.04,95728453.84,16893256.56,8312593.15,6961242.37,112621710.4,1.1765,10.0,85.0
2025-11-30,549300ABCDE678901F2,Lloyd's Syndicate 623,2024-12-31,General liability insurance,4,2028,7883519.73,103611973.57,9009736.83,2889262.08,5532501.97,112621710.4,1.087,7.0,92.0
2025-11-30,549300ABCDE678901F2,Lloyd's Syndicate 623,2024-12-31,General liability insurance,5,2029,1689325.66,105301299.22,7320411.18,2249752.91,4201399.95,112621710.4,1.0695,1.5,93.5
2025-11-30,549300ABCDE678901F2,Lloyd's Syndicate 623,2024-12-31,General liability insurance,6,2030,1689325.66,106990624.88,5631085.52,3109043.55,2894279.65,112621710.4,1.0526,1.5,95.0
2025-11-30,549300ABCDE678901F2,Lloyd's Syndicate 623,2024-12-31,General liability insurance,7,2031,1689325.66,108679950.54,3941759.86,1235553.03,2420848.51,112621710.4,1.0363,1.5,96.5
2025-11-30,549300ABCDE678901F2,Lloyd's Syndicate 623,2024-12-31,General liability insurance,8,2032,1689325.66,110369276.19,2252434.21,1303947.53,1385588.1,112621710.4,1.0204,1.5,98.0
2025-11-30,549300ABCDE678901F2,Lloyd's Syndicate 623,2024-12-31,General liability insurance,9,2033,1689325.66,112058601.85,563108.55,266651.14,264102.78,112621710.4,1.005,1.5,99.5
2025-11-30,549300ABCDE678901F2,Lloyd's Syndicate 623,2024-12-31,General liability insurance,10,2034,563108.55,112621710.4,0.0,0.0,0.0,112621710.4,1.0,0.5,100.0
